name,case,nodes,seed,official_graph,epoch,graph_distance,pairs,latent_mean,latent_sd,normalized_mean,normalized_within_bucket_sd
local128,official32,32,0,True,0,1,48,16.075196373111208,0.9121105715021154,1.0,0.05674024443196178
local128,official32,32,0,True,0,2,87,16.157565792571457,1.0751660611783243,1.0051240070446683,0.06688354134054263
local128,official32,32,0,True,0,3,102,16.221700911653993,1.0947883278581843,1.0091137013285787,0.0681041962068609
local128,official32,32,0,True,0,4,103,16.29348923492016,1.0289170165340134,1.0135794833694278,0.06400649750413442
local128,official32,32,0,True,0,5,83,16.493124553020387,1.1088320129608042,1.0259983250100908,0.06897782068874347
local128,official32,32,0,True,0,6,52,16.38087679254181,1.1167654216440888,1.0190156569372868,0.06947133930581957
local128,official32,32,0,True,0,7,20,16.661166309442955,1.2892181414304051,1.0364518057964065,0.08019921570518822
local128,official32,32,0,True,0,8,1,17.02644819873229,0.0,1.0591751294069558,0.0
local128,official32,32,0,True,20,1,48,1.2442062671402863,0.18246995539558075,1.0,0.14665571152842213
local128,official32,32,0,True,20,2,87,1.8801653856301528,0.33600871541779387,1.511136405020343,0.27005869066234844
local128,official32,32,0,True,20,3,102,2.515143040613057,0.3676313287669299,2.021483983032751,0.29547458365717977
local128,official32,32,0,True,20,4,103,3.0822245434936333,0.4427367570441159,2.477261708846631,0.3558387131915938
local128,official32,32,0,True,20,5,83,3.606723513989094,0.43196057998293974,2.898814777937805,0.3471776275293713
local128,official32,32,0,True,20,6,52,4.033582733032095,0.47741786271946784,3.241892312842129,0.38371279371287575
local128,official32,32,0,True,20,7,20,4.543923762209052,0.5355782266367599,3.652066286929189,0.4304577470645168
local128,official32,32,0,True,20,8,1,5.167102717544101,0.0,4.1529309520521025,0.0
local128,random32_seed0,32,0,False,0,1,42,16.215275892274136,0.9578135224000937,1.0,0.0590685924040583
local128,random32_seed0,32,0,False,0,2,73,16.099512582545497,1.0077048986248656,0.9928608485913092,0.06214540568532618
local128,random32_seed0,32,0,False,0,3,116,16.119558023720668,1.0142336693697207,0.9940970558139518,0.06254803656180517
local128,random32_seed0,32,0,False,0,4,127,16.232531458804086,1.10019162097904,1.0010641549761217,0.06784908430100982
local128,random32_seed0,32,0,False,0,5,87,16.537092262823368,1.016467366204468,1.019846493682082,0.06268578918776029
local128,random32_seed0,32,0,False,0,6,37,16.572872917146235,1.262641327556368,1.0220530953187468,0.07786739713494242
local128,random32_seed0,32,0,False,0,7,13,17.091086498791814,1.115897589549963,1.0540114526780864,0.06881767519488453
local128,random32_seed0,32,0,False,0,8,1,19.331558243607475,0.0,1.192181888981495,0.0
local128,random32_seed0,32,0,False,20,1,42,1.3760805566001695,0.22386028432534885,1.0,0.1626796361969041
local128,random32_seed0,32,0,False,20,2,73,2.1463059925526755,0.3263398044086949,1.5597240890137078,0.23715167171242532
local128,random32_seed0,32,0,False,20,3,116,2.6621181883870695,0.4182410155505698,1.9345656586880822,0.30393643275063936
local128,random32_seed0,32,0,False,20,4,127,3.145982443179705,0.463239264531754,2.2861906071490217,0.3366367341722071
local128,random32_seed0,32,0,False,20,5,87,3.713507649841848,0.4071859213098874,2.6986121067044735,0.29590267761351585
local128,random32_seed0,32,0,False,20,6,37,4.299826846686949,0.3438189980587555,3.1246912297855367,0.24985383043868897
local128,random32_seed0,32,0,False,20,7,13,4.8926760321594,0.18080909911575227,3.5555157063243095,0.13139426921521988
local128,random32_seed0,32,0,False,20,8,1,5.138270988305321,0.0,3.733989964221465,0.0
local128,random32_seed1,32,1,False,0,1,56,16.073783411214567,0.7669293995299142,1.0,0.047713060448160136
local128,random32_seed1,32,1,False,0,2,131,15.861966097405318,0.9174926949888833,0.9868221868871603,0.05708007079084785
local128,random32_seed1,32,1,False,0,3,192,15.908781648953578,0.9972743915514248,0.9897347277837607,0.062043537979716304
local128,random32_seed1,32,1,False,0,4,106,15.85808224113433,1.0366000133562525,0.9865805601231541,0.06449010707914751
local128,random32_seed1,32,1,False,0,5,11,15.773554917006386,1.0371242400578542,0.9813218527009197,0.06452272085078985
local128,random32_seed1,32,1,False,20,1,56,1.0628927079995563,0.1333448152765216,1.0,0.1254546336360577
local128,random32_seed1,32,1,False,20,2,131,1.4441943124734782,0.22232932151427515,1.3587395055062144,0.20917381391459125
local128,random32_seed1,32,1,False,20,3,192,1.707614314289535,0.2497511378918215,1.6065726121156605,0.2349730466792569
local128,random32_seed1,32,1,False,20,4,106,1.9666392383291555,0.25473807728077563,1.8502707032683647,0.23966490254713646
local128,random32_seed1,32,1,False,20,5,11,2.2795988946220596,0.29425222545329716,2.1447121402426736,0.2768409485159625
local128,random32_seed2,32,2,False,0,1,54,15.922081941386397,0.9871258151030938,1.0,0.06199728268809179
local128,random32_seed2,32,2,False,0,2,123,15.690284077556123,1.0160790820896706,0.9854417365339793,0.06381571743130952
local128,random32_seed2,32,2,False,0,3,167,15.917829893775245,1.0013987074623825,0.9997329465061916,0.06289370392319353
local128,random32_seed2,32,2,False,0,4,113,15.634944445845527,0.872247629799586,0.9819660835437286,0.05478225982070509
local128,random32_seed2,32,2,False,0,5,34,15.599580493162401,0.9492856690111602,0.9797450201920067,0.059620699887473524
local128,random32_seed2,32,2,False,0,6,5,15.47060511108433,0.4584199519958585,0.971644610801271,0.028791457906285723
local128,random32_seed2,32,2,False,20,1,54,1.1110414889516012,0.13394623500995265,1.0,0.12055916573947813
local128,random32_seed2,32,2,False,20,2,123,1.5542127634138376,0.221810563363355,1.3988791407604597,0.1996420165845107
local128,random32_seed2,32,2,False,20,3,167,1.9004441948835344,0.26536752895448,1.71050695566448,0.23884574211975254
local128,random32_seed2,32,2,False,20,4,113,2.261966353530549,0.2980919765027943,2.0358972873866135,0.26829959048971186
local128,random32_seed2,32,2,False,20,5,34,2.710620017959132,0.20022847994194556,2.4397108883097807,0.1802169243300579
local128,random32_seed2,32,2,False,20,6,5,3.151452260987809,0.16823584069897746,2.836484768864551,0.15142174470705666
local128,random64_seed0,64,0,False,0,1,95,16.02338465288794,1.0459410143317158,1.0,0.06527590998966644
local128,random64_seed0,64,0,False,0,2,191,15.987527143304899,1.0307600277203521,0.9977621763216812,0.06432848302961855
local128,random64_seed0,64,0,False,0,3,345,16.01572050694523,1.0802847512860936,0.9995216899482389,0.06741926095441957
local128,random64_seed0,64,0,False,0,4,475,16.094913673801578,1.1162544371344274,1.004464039431316,0.06966408541738663
local128,random64_seed0,64,0,False,0,5,493,16.142045039038805,1.0503734017160133,1.0074054507659516,0.06555252990988401
local128,random64_seed0,64,0,False,0,6,294,16.173140088413035,1.1492822201765702,1.0093460550794493,0.07172530929471457
local128,random64_seed0,64,0,False,0,7,107,16.17469947153695,1.0110819509105011,1.0094433742886986,0.06310039812520327
local128,random64_seed0,64,0,False,0,8,16,16.32717971781255,1.170137940339035,1.018959481501922,0.07302688949229823
local128,random64_seed0,64,0,False,20,1,95,1.3021151815852288,0.15892260385593052,1.0,0.12204957449497979
local128,random64_seed0,64,0,False,20,2,191,1.9176478417329132,0.2706996460805757,1.4727175205793386,0.20789224325840278
local128,random64_seed0,64,0,False,20,3,345,2.32413207288175,0.3091847817478491,1.7848897745376806,0.23744810453053738
local128,random64_seed0,64,0,False,20,4,475,2.6744477941515954,0.29123000158950096,2.0539256680009315,0.22365917063876792
local128,random64_seed0,64,0,False,20,5,493,2.963358995514776,0.29947506019075376,2.2758040436231655,0.22999122076601938
local128,random64_seed0,64,0,False,20,6,294,3.2648290960655393,0.30023792172216507,2.5073274179100284,0.23057708409224417
local128,random64_seed0,64,0,False,20,7,107,3.5864437092449135,0.24850334232111085,2.7543213994930036,0.19084589891546802
local128,random64_seed0,64,0,False,20,8,16,3.7185215998454733,0.14733953343566655,2.855754738469794,0.11315399399328989
local128,random64_seed1,64,1,False,0,1,100,16.045569615142846,0.9711027781883949,1.0,0.06052155214682602
local128,random64_seed1,64,1,False,0,2,225,15.97202703426642,0.9523206363284142,0.9954166425598864,0.05935100212520166
local128,random64_seed1,64,1,False,0,3,438,15.97643597637148,0.9432891037630489,0.9956914188508383,0.058788134443842316
local128,random64_seed1,64,1,False,0,4,565,15.962760348050384,0.9994740683982017,0.994839119515314,0.06228972185910796
local128,random64_seed1,64,1,False,0,5,444,15.907043448283725,0.9508371651967625,0.9913667030724551,0.05925854849674015
local128,random64_seed1,64,1,False,0,6,182,15.773531898019211,0.9563542924109176,0.9830459295837711,0.059602389653301426
local128,random64_seed1,64,1,False,0,7,50,15.616480711631862,0.954904059823694,0.9732581071409248,0.05951200753399947
local128,random64_seed1,64,1,False,0,8,11,15.243773230425772,0.70228712427973,0.9500300454300864,0.043768288762834166
local128,random64_seed1,64,1,False,0,9,1,15.740098658220482,0.0,0.9809622865221265,0.0
local128,random64_seed1,64,1,False,20,1,100,1.2393273815008725,0.1402605752411688,1.0,0.11317475699706395
local128,random64_seed1,64,1,False,20,2,225,1.760477161887784,0.26080281087511004,1.4205101800912194,0.21043899680427292
local128,random64_seed1,64,1,False,20,3,438,2.092526280730337,0.3331869235754733,1.6884370602674883,0.2688449626376941
local128,random64_seed1,64,1,False,20,4,565,2.396679696998252,0.38822118752561524,1.9338551965952544,0.3132515212045623
local128,random64_seed1,64,1,False,20,5,444,2.7485573053634873,0.43084903473520964,2.2177814727492584,0.34764747488547787
local128,random64_seed1,64,1,False,20,6,182,3.1956925112842494,0.49591540666311973,2.578570084858566,0.4001488340090956
local128,random64_seed1,64,1,False,20,7,50,3.88340543663421,0.5175155053985521,3.1334782839472637,0.41757772249962005
local128,random64_seed1,64,1,False,20,8,11,4.457433579362494,0.1582346847691112,3.5966554486711755,0.1276778736038923
local128,random64_seed1,64,1,False,20,9,1,4.674215648840751,0.0,3.771574580382545,0.0
local128,random64_seed2,64,2,False,0,1,89,16.015854218455388,0.905730592883518,1.0,0.056552125196033975
local128,random64_seed2,64,2,False,0,2,165,15.934801316156138,1.0090665228315403,0.9949392082873825,0.0630042275028186
local128,random64_seed2,64,2,False,0,3,278,15.878688397691748,1.034200906178796,0.9914356225467149,0.0645735714169442
local128,random64_seed2,64,2,False,0,4,404,15.877464744338363,1.01109187179913,0.9913592199186256,0.06313068650650108
local128,random64_seed2,64,2,False,0,5,445,15.94830460569494,0.9988370360546581,0.9957823284453595,0.06236551746978805
local128,random64_seed2,64,2,False,0,6,337,16.017010203902686,0.993804422904805,1.0000721775705204,0.06205129051184946
local128,random64_seed2,64,2,False,0,7,200,16.052210395359968,1.0819699741566082,1.002270011727672,0.06755618272984981
local128,random64_seed2,64,2,False,0,8,86,16.08016395772136,0.9634321057037393,1.0040153799097313,0.06015489979882292
local128,random64_seed2,64,2,False,0,9,12,16.213952366913357,0.9274344681023297,1.01236887809766,0.05790727459504648
local128,random64_seed2,64,2,False,20,1,89,1.333415434744352,0.1400876085684937,1.0,0.10505923729265357
local128,random64_seed2,64,2,False,20,2,165,1.9795134882429644,0.24861020791463626,1.4845437038326206,0.18644617531542285
local128,random64_seed2,64,2,False,20,3,278,2.412216516502002,0.29127966262060356,1.8090509931471448,0.21844629590360853
local128,random64_seed2,64,2,False,20,4,404,2.7050672456646647,0.3383554569634108,2.028675516406701,0.25375096773818406
local128,random64_seed2,64,2,False,20,5,445,2.965132489536971,0.3610656210522252,2.2237124397059786,0.2707825420675817
local128,random64_seed2,64,2,False,20,6,337,3.230831373136135,0.34641710784418206,2.422974332643422,0.25979683361817285
local128,random64_seed2,64,2,False,20,7,200,3.4565354415291925,0.3108464575638623,2.592241961104863,0.23312048853211234
local128,random64_seed2,64,2,False,20,8,86,3.662004525307125,0.29268503583297867,2.7463342855403647,0.219500260913879
local128,random64_seed2,64,2,False,20,9,12,3.865337328522379,0.35644276635566396,2.8988244982055855,0.2673156145248931
local128,random128_seed0,128,0,False,0,1,197,15.928468403834735,0.972894572924673,1.0,0.0610789781075531
local128,random128_seed0,128,0,False,0,2,441,15.864214302811252,0.9886014594946596,0.9959660841585991,0.062065067050430064
local128,random128_seed0,128,0,False,0,3,928,15.994327594775848,0.9914479627484799,1.004134684470056,0.062243772446432546
local128,random128_seed0,128,0,False,0,4,1680,15.93609632333497,1.0196592044734476,1.0004788859359761,0.06401489324786352
local128,random128_seed0,128,0,False,0,5,2170,15.929873864495942,0.987642135718099,1.0000882357691634,0.062004840056080146
local128,random128_seed0,128,0,False,0,6,1722,15.945222920971668,0.9973268189986033,1.001051859897145,0.06261285101074122
local128,random128_seed0,128,0,False,0,7,795,15.920342469261957,1.0270224309421663,0.9994898483415504,0.06447716157662173
local128,random128_seed0,128,0,False,0,8,182,15.89760644931614,0.9276632965193052,0.9980624656598392,0.058239328038342524
local128,random128_seed0,128,0,False,0,9,13,15.672092963491606,0.7533478461792883,0.9839045767713983,0.04729568638237194
local128,random128_seed0,128,0,False,20,1,197,1.2788789580384405,0.13005993886321038,1.0,0.1016983961192839
local128,random128_seed0,128,0,False,20,2,441,1.8418479436452628,0.23803829946750335,1.4402050577720902,0.18613043710767535
local128,random128_seed0,128,0,False,20,3,928,2.169978631810533,0.29322494148636374,1.6967818714750549,0.22928279462515794
local128,random128_seed0,128,0,False,20,4,1680,2.379643887578292,0.3336353704301157,1.8607264374950836,0.26088111649115686
local128,random128_seed0,128,0,False,20,5,2170,2.583492690865024,0.3663888624510871,2.020122916736088,0.2864922126899786
local128,random128_seed0,128,0,False,20,6,1722,2.82302501713136,0.39802172823288867,2.2074215854339716,0.3112270522015461
local128,random128_seed0,128,0,False,20,7,795,3.119229913014811,0.41920961088135483,2.4390345101925224,0.32779459560765895
local128,random128_seed0,128,0,False,20,8,182,3.466168629628614,0.4591650101795103,2.7103179764135485,0.3590371139453126
local128,random128_seed0,128,0,False,20,9,13,3.752622459582872,0.4408158764183841,2.9343062030973504,0.3446892871664044
local128,random128_seed1,128,1,False,0,1,200,16.032115345580923,0.9775271544975543,1.0,0.06097306147232773
local128,random128_seed1,128,1,False,0,2,473,16.058328410809054,0.994612437147436,1.001635034720191,0.0620387525730714
local128,random128_seed1,128,1,False,0,3,1043,16.045011012638412,0.9541322069882311,1.0008043646630227,0.05951380628328795
local128,random128_seed1,128,1,False,0,4,1865,16.06696429203718,0.9842565585600351,1.0021736960909444,0.061392806709773
local128,random128_seed1,128,1,False,0,5,2253,16.025285569129373,1.0122245388512496,0.9995739940547875,0.06313730390732614
local128,random128_seed1,128,1,False,0,6,1578,16.062208276505793,1.017373169517199,1.0018770405698936,0.06345844871915962
local128,random128_seed1,128,1,False,0,7,547,16.059080570693816,0.9761978264008631,1.0016819505431218,0.06089014489718859
local128,random128_seed1,128,1,False,0,8,135,16.237922046717404,0.9439587292283994,1.0128371519727875,0.0588792376352626
local128,random128_seed1,128,1,False,0,9,31,16.41081964079455,0.7932284905013901,1.0236216049504667,0.04947746903031326
local128,random128_seed1,128,1,False,0,10,3,16.118311776223592,0.6925207325766208,1.0053764851851836,0.043195842697545624
local128,random128_seed1,128,1,False,20,1,200,1.2563967082075693,0.13729073414540424,1.0,0.10927339529667283
local128,random128_seed1,128,1,False,20,2,473,1.7758642836731504,0.25996466933254647,1.4134582429833618,0.20691288637919425
local128,random128_seed1,128,1,False,20,3,1043,2.0620539972983476,0.33482185454638613,1.6412443488809871,0.2664937374947899
local128,random128_seed1,128,1,False,20,4,1865,2.2672178211787024,0.3876110389617188,1.804539765479977,0.3085100720414189
local128,random128_seed1,128,1,False,20,5,2253,2.494862695301008,0.4445610366002127,1.9857284558316683,0.35383810996643167
local128,random128_seed1,128,1,False,20,6,1578,2.8107326877968895,0.5240015616740641,2.237137895567081,0.4170669647977888
local128,random128_seed1,128,1,False,20,7,547,3.3636993464269196,0.5747109573677482,2.6772589616425537,0.4574279394504751
local128,random128_seed1,128,1,False,20,8,135,3.9880678459398413,0.39745870651021065,3.1742106771589635,0.31634809603826697
local128,random128_seed1,128,1,False,20,9,31,4.378974947872885,0.3286004022697809,3.485344174548279,0.2615419159594716
local128,random128_seed1,128,1,False,20,10,3,4.760253847745559,0.22097148813845952,3.7888143264373446,0.17587716259915
local128,random128_seed2,128,2,False,0,1,178,16.044172687279847,0.9707038437552523,1.0,0.06050195685844534
local128,random128_seed2,128,2,False,0,2,350,16.056293682070358,1.0722959521397344,1.0007554764603177,0.06683398222146243
local128,random128_seed2,128,2,False,0,3,694,16.0932894850833,1.1290512540507658,1.0030613481144088,0.07037142245083794
local128,random128_seed2,128,2,False,0,4,1248,15.995327151951882,1.0252723890437814,0.996955559112955,0.06390310108396169
local128,random128_seed2,128,2,False,0,5,1759,16.048752357197486,1.033663668023643,1.000285441325452,0.06442611209508815
local128,random128_seed2,128,2,False,0,6,1764,15.980027833591764,1.0161610812523476,0.9960019843379685,0.063335212170708
local128,random128_seed2,128,2,False,0,7,1217,15.919506293381453,0.9696658697594142,0.9922298022884513,0.060437262092559334
local128,random128_seed2,128,2,False,0,8,594,15.8383456543385,0.9767444050141565,0.9871712280244571,0.060878452510582846
local128,random128_seed2,128,2,False,0,9,239,15.835681311521396,0.9478153776003369,0.9870051650638398,0.05907536624507816
local128,random128_seed2,128,2,False,0,10,75,15.775319147191695,0.8707393371908633,0.9832429165823362,0.05427137654041853
local128,random128_seed2,128,2,False,0,11,10,16.198349551594838,0.8902697001104614,1.0096095241132144,0.05548866354550557
local128,random128_seed2,128,2,False,20,1,178,1.3579384384130702,0.16274435674176213,1.0,0.1198466382113392
local128,random128_seed2,128,2,False,20,2,350,2.0360387893461893,0.25972885438739785,1.4993601563599368,0.19126703173004309
local128,random128_seed2,128,2,False,20,3,694,2.4300155100814322,0.33924463380340913,1.789488714172658,0.2498232793232226
local128,random128_seed2,128,2,False,20,4,1248,2.666322684558669,0.38575443434531437,1.9635077770348839,0.284073580534416
local128,random128_seed2,128,2,False,20,5,1759,2.8754863374788977,0.40769132420963594,2.1175380681021756,0.30022813455820346
local128,random128_seed2,128,2,False,20,6,1764,3.0990666094738617,0.4096092689241616,2.2821849075098934,0.3016405290086964
local128,random128_seed2,128,2,False,20,7,1217,3.3582959463616517,0.40798472119249785,2.4730840893540527,0.3004441951501732
local128,random128_seed2,128,2,False,20,8,594,3.6739926342604843,0.39810823334328554,2.7055664162169446,0.29317104669967764
local128,random128_seed2,128,2,False,20,9,239,3.9457685951824697,0.32626808645630184,2.9057050625900387,0.2402672147918495
local128,random128_seed2,128,2,False,20,10,75,4.108514321795921,0.31534924822881466,3.025552709589148,0.23222646867360333
local128,random128_seed2,128,2,False,20,11,10,4.272330144613593,0.18962110855283623,3.146188386571024,0.13963895798872403
local128,random256_seed0,256,0,False,0,1,369,15.9781316100224,1.079665920218671,1.0,0.06757147497404782
local128,random256_seed0,256,0,False,0,2,767,15.937178992155797,1.0367586806740299,0.9974369582836009,0.06488610220382184
local128,random256_seed0,256,0,False,0,3,1592,16.000976395161622,1.0450146128619069,1.0014297532212648,0.06540280418058478
local128,random256_seed0,256,0,False,0,4,3057,16.000859157006165,1.0560578070938533,1.0014224158079603,0.06609394845836877
local128,random256_seed0,256,0,False,0,5,5250,15.99834948909916,1.0463453146186237,1.0012653468859951,0.06548608686902391
local128,random256_seed0,256,0,False,0,6,7311,15.989867483584996,1.0529538494116515,1.000734495987956,0.06589968558972055
local128,random256_seed0,256,0,False,0,7,7292,15.957065000508969,1.0244710144000804,0.9986815348610462,0.06411707197088509
local128,random256_seed0,256,0,False,0,8,4654,15.921363269371207,0.9987588623380879,0.9964471227276921,0.06250786304148409
local128,random256_seed0,256,0,False,0,9,1837,15.868052567167917,1.0212760545476056,0.993110643625852,0.06391711368224072
local128,random256_seed0,256,0,False,0,10,435,15.8509362927773,0.995110553334815,0.9920394123449756,0.062279531651286725
local128,random256_seed0,256,0,False,0,11,71,15.813363367540102,0.9791606598331288,0.9896878905178784,0.06128129894855436
local128,random256_seed0,256,0,False,0,12,5,15.75612714622973,0.6582000038986866,0.986105730681714,0.04119380287779241
local128,random256_seed0,256,0,False,20,1,369,1.3578327606621943,0.13612236817534829,1.0,0.10024973039313287
local128,random256_seed0,256,0,False,20,2,767,2.0017213556269975,0.2450947142826592,1.4742031667072082,0.18050434588360517
local128,random256_seed0,256,0,False,20,3,1592,2.370544078511631,0.3307607099623379,1.7458291972242246,0.2435945865682538
local128,random256_seed0,256,0,False,20,4,3057,2.593907914198232,0.38114775683639396,1.910329452452762,0.2807030201941173
local128,random256_seed0,256,0,False,20,5,5250,2.750807149545978,0.40701635777100775,2.0258806748810887,0.29975440979381884
local128,random256_seed0,256,0,False,20,6,7311,2.902590383054855,0.4195486809951374,2.1376641270897796,0.3089840613291212
local128,random256_seed0,256,0,False,20,7,7292,3.0892467679426,0.43194441703321435,2.27513052965081,0.31811312081066717
local128,random256_seed0,256,0,False,20,8,4654,3.321377892039883,0.4493714773329779,2.446087609802622,0.3309475882094834
local128,random256_seed0,256,0,False,20,9,1837,3.6214238118232394,0.48499480624103464,2.6670617448183576,0.3571830200977844
local128,random256_seed0,256,0,False,20,10,435,4.018951273310802,0.4893061387267578,2.9598278887827254,0.36035817731200614
local128,random256_seed0,256,0,False,20,11,71,4.452036450321268,0.37124766001184284,3.2787811424951023,0.27341191843890333
local128,random256_seed0,256,0,False,20,12,5,4.898413574417178,0.162294296132635,3.6075234861974437,0.11952451055422064
local128,random256_seed1,256,1,False,0,1,398,16.104640233775967,1.0500413164773943,1.0,0.06520116570348226
local128,random256_seed1,256,1,False,0,2,919,16.099587227938564,1.0226559483592732,0.9996862391357985,0.06350070125841592
local128,random256_seed1,256,1,False,0,3,2095,16.0810765843518,1.0057149068019489,0.9985368409922781,0.06244876583412782
local128,random256_seed1,256,1,False,0,4,4282,16.090216019490587,0.9832232508094777,0.9991043442091225,0.0610521710846655
local128,random256_seed1,256,1,False,0,5,7253,16.06300095836347,1.0052894035996747,0.9974144547901687,0.06242234467872804
local128,random256_seed1,256,1,False,0,6,8748,16.050808316730556,0.9914379619459076,0.9966573660594721,0.06156225457719837
local128,random256_seed1,256,1,False,0,7,6158,16.018466241486816,1.0128735122401555,0.994649120313261,0.06289327159981348
local128,random256_seed1,256,1,False,0,8,2276,15.952023908369961,1.0507349385681763,0.9905234563957581,0.06524423540766153
local128,random256_seed1,256,1,False,0,9,466,15.761602494993774,1.080546999566262,0.9786994472523052,0.06709538268976978
local128,random256_seed1,256,1,False,0,10,45,15.59908206402193,0.8341557337494726,0.9686079190584004,0.05179598684856139
local128,random256_seed1,256,1,False,20,1,398,1.265394540010988,0.11926274495618673,1.0,0.09424945436792474
local128,random256_seed1,256,1,False,20,2,919,1.8195210642393778,0.20426798225312837,1.4379081043162854,0.16142631866528728
local128,random256_seed1,256,1,False,20,3,2095,2.113377129525863,0.2670247791047311,1.6701329606713111,0.2110209667116253
local128,random256_seed1,256,1,False,20,4,4282,2.281289735752285,0.305686000189169,1.8028288123737877,0.24157366775623562
local128,random256_seed1,256,1,False,20,5,7253,2.4060442111859666,0.32412365992900016,1.9014182020771748,0.25614434840708705
local128,random256_seed1,256,1,False,20,6,8748,2.5396714013139206,0.3353199166108512,2.007019408580558,0.26499238459487856
local128,random256_seed1,256,1,False,20,7,6158,2.719424885295167,0.35007479877070247,2.1490727194630956,0.2766526863373874
local128,random256_seed1,256,1,False,20,8,2276,2.9827019623167814,0.3642414376677552,2.357131999550813,0.28784811863072546
local128,random256_seed1,256,1,False,20,9,466,3.2867072396483894,0.35611137369536466,2.597377446894823,0.28142319445464997
local128,random256_seed1,256,1,False,20,10,45,3.5294085420476384,0.30452878423518126,2.789176363932304,0.2406591577616076
local128,random256_seed2,256,2,False,0,1,381,16.040492896771806,0.974548525712082,1.0,0.0607555224134174
local128,random256_seed2,256,2,False,0,2,826,16.03190406022614,1.0459424644479873,0.9994645528288352,0.06520637932881017
local128,random256_seed2,256,2,False,0,3,1765,16.003327308150606,1.0169081595176088,0.9976830145519606,0.06339631618940242
local128,random256_seed2,256,2,False,0,4,3488,16.005134337340134,1.0349231509473311,0.9977956687703289,0.06451941081907853
local128,random256_seed2,256,2,False,0,5,5962,15.980356220319463,1.0131312408504296,0.9962509458506449,0.06316085468011554
local128,random256_seed2,256,2,False,0,6,7914,15.972953072867567,1.003789294231379,0.9957894171744666,0.06257845695211738
local128,random256_seed2,256,2,False,0,7,6860,15.953639383041951,0.9959829033638394,0.9945853587985857,0.0620917891846256
local128,random256_seed2,256,2,False,0,8,3527,15.90635435701367,0.9833205580470674,0.991637505117743,0.06130239041750166
local128,random256_seed2,256,2,False,0,9,1219,15.857866055062079,0.9941468813373582,0.9886146365398484,0.06197732748832382
local128,random256_seed2,256,2,False,0,10,435,15.838370224149674,0.9280970183554788,0.9873992230835494,0.057859632140248064
local128,random256_seed2,256,2,False,0,11,196,15.882692892080188,0.9695539297526357,0.9901623967725222,0.0604441481937105
local128,random256_seed2,256,2,False,0,12,56,15.897297517248607,0.9194772625830544,0.9910728815850779,0.05732225739572515
local128,random256_seed2,256,2,False,0,13,11,15.611701592209469,0.7769357995741927,0.9732681964748956,0.048435905590566555
local128,random256_seed2,256,2,False,20,1,381,1.3125585262968829,0.13942021757433026,1.0,0.10622019116181895
local128,random256_seed2,256,2,False,20,2,826,1.910457599321798,0.24926820702479593,1.4555218384903308,0.18991016555128823
local128,random256_seed2,256,2,False,20,3,1765,2.253204629711472,0.3202461239309479,1.7166507889506695,0.24398616710407367
local128,random256_seed2,256,2,False,20,4,3488,2.45565645287789,0.36480385958575723,1.8708929191950212,0.27793340432215025
local128,random256_seed2,256,2,False,20,5,5962,2.6041674591104416,0.39072151818406,1.9840391166842448,0.29767931132671194
local128,random256_seed2,256,2,False,20,6,7914,2.7573513590469294,0.41468765147205283,2.1007454553864626,0.3159384082034115
local128,random256_seed2,256,2,False,20,7,6860,2.9617123995426513,0.45186618713696114,2.2564421625438076,0.3442636485032098
local128,random256_seed2,256,2,False,20,8,3527,3.286408826262115,0.5135061132817098,2.503818885344526,0.391225307667204
local128,random256_seed2,256,2,False,20,9,1219,3.7847885008181086,0.5627036677983174,2.883519801205452,0.4287074873421998
local128,random256_seed2,256,2,False,20,10,435,4.327962374344369,0.4528728837113031,3.2973481087771646,0.34503062121655775
local128,random256_seed2,256,2,False,20,11,196,4.569665696734253,0.34233924258229403,3.4814948097031806,0.2608182688417976
local128,random256_seed2,256,2,False,20,12,56,4.741094328564576,0.32957312495927676,3.6121012766879126,0.2510921367362569
local128,random256_seed2,256,2,False,20,13,11,5.143093046200966,0.1823001551715228,3.918372356858751,0.13888916305000557
local128,random512_seed0,512,0,False,0,1,767,16.036122761281632,1.0103347995567127,1.0,0.0630036832840986
local128,random512_seed0,512,0,False,0,2,1709,16.021113777582425,0.9947229931176921,0.999064051583875,0.06203014331615108
local128,random512_seed0,512,0,False,0,3,3863,16.043244919212604,1.0143155059448299,1.0004441321656734,0.06325191700289554
local128,random512_seed0,512,0,False,0,4,8304,16.057845279877597,1.0047301787182203,1.0013545991708428,0.06265418353768705
local128,random512_seed0,512,0,False,0,5,16348,16.047646578374614,1.0142040989165768,1.0007186161682926,0.06324496974825604
local128,random512_seed0,512,0,False,0,6,27065,16.043492973177806,1.0132986224777787,1.0004596006158026,0.06318850494985823
local128,random512_seed0,512,0,False,0,7,33193,16.05494230445228,1.0119108898350344,1.00117357190705,0.06310196703396656
local128,random512_seed0,512,0,False,0,8,25781,16.054229561024375,1.0150480902902592,1.0011291257875914,0.06329760038636266
local128,random512_seed0,512,0,False,0,9,11031,16.049441584788646,1.0207679775145346,1.0008305513561653,0.06365428805391318
local128,random512_seed0,512,0,False,0,10,2456,16.051785731078283,1.0184202589768918,1.00097673047468,0.06350788617282312
local128,random512_seed0,512,0,False,0,11,288,16.106511174147418,1.0291452922830646,1.0043893660527303,0.06417669081256233
local128,random512_seed0,512,0,False,0,12,11,16.223578583166784,0.8500698648997899,1.0116895975838844,0.0530096880370758
local128,random512_seed0,512,0,False,20,1,767,1.314561946479235,0.12685069174030963,1.0,0.09649654934866425
local128,random512_seed0,512,0,False,20,2,1709,1.908497290765115,0.22918704975556942,1.451812366755789,0.17434480769004193
local128,random512_seed0,512,0,False,20,3,3863,2.230831922002384,0.31289257665912606,1.6970154415143208,0.23802041242494504
local128,random512_seed0,512,0,False,20,4,8304,2.410161251639988,0.36492982848724725,1.83343299879863,0.2776056537043625
local128,random512_seed0,512,0,False,20,5,16348,2.524641274455656,0.3934679060313265,1.9205190605260953,0.299314845591829
local128,random512_seed0,512,0,False,20,6,27065,2.6315875826868864,0.41439507998704783,2.001874152629334,0.31523434943245837
local128,random512_seed0,512,0,False,20,7,33193,2.770568823769693,0.43347550756425346,2.1075985283082717,0.3297490154231394
local128,random512_seed0,512,0,False,20,8,25781,2.9773275423703365,0.4527098938957807,2.26488188734236,0.3443807993288293
local128,random512_seed0,512,0,False,20,9,11031,3.269387754540842,0.4621021926680708,2.4870549184062245,0.35152561193917853
local128,random512_seed0,512,0,False,20,10,2456,3.6295622231662557,0.45991738365821727,2.761043123823293,0.3498636065725201
local128,random512_seed0,512,0,False,20,11,288,4.027296965637309,0.43539580165709163,3.0636037932054387,0.3312098017314463
local128,random512_seed0,512,0,False,20,12,11,4.454219065058655,0.33919321062303454,3.3883675676055436,0.2580275593185159
local128,random512_seed1,512,1,False,0,1,758,16.02710914762955,1.0599129521526518,1.0,0.06613250976140109
local128,random512_seed1,512,1,False,0,2,1663,16.006942234720587,0.9969530436652715,0.998741699908374,0.06220417135006056
local128,random512_seed1,512,1,False,0,3,3651,16.01279137745138,1.0189436126439126,0.999106652981128,0.0635762571564328
local128,random512_seed1,512,1,False,0,4,7625,16.011049445160673,1.015344227760869,0.9989979663630574,0.06335167611378258
local128,random512_seed1,512,1,False,0,5,14715,16.00624958262384,1.0081192866814932,0.9986984823767302,0.0629008810881279
local128,random512_seed1,512,1,False,0,6,24619,16.00597100176924,1.0107854074682472,0.9986811005237688,0.06306723178569885
local128,random512_seed1,512,1,False,0,7,31380,16.009407144062276,1.0107825900099083,0.9988954961618958,0.06306705599240307
local128,random512_seed1,512,1,False,0,8,26684,16.015917256616248,1.0034395396502322,0.9993016899735186,0.06260889162276927
local128,random512_seed1,512,1,False,0,9,13598,16.029513233067917,0.9910361775595936,1.0001500011896234,0.06183499272581983
local128,random512_seed1,512,1,False,0,10,4537,16.03196297596852,0.9783934261101662,1.0003028511439125,0.061046157301229406
local128,random512_seed1,512,1,False,0,11,1268,16.012826755000756,0.956805782415582,0.9991088603379914,0.05969921172946502
local128,random512_seed1,512,1,False,0,12,275,16.095699024928212,0.8899750177706756,1.0042796162843133,0.05552935401967392
local128,random512_seed1,512,1,False,0,13,32,16.117826051478012,0.8360246775512025,1.0056602162631356,0.05216316116963942
local128,random512_seed1,512,1,False,0,14,9,16.086394943988882,0.7414473800563661,1.0036990948157423,0.046262078408945514
local128,random512_seed1,512,1,False,0,15,2,15.56591119668785,0.8998295492985724,0.9712238840645875,0.05614422045860089
local128,random512_seed1,512,1,False,20,1,758,1.3234181464569157,0.13050853090927345,1.0,0.09861473583286867
local128,random512_seed1,512,1,False,20,2,1663,1.927413661766063,0.2259474636011119,1.4563905345609607,0.1707302141851564
local128,random512_seed1,512,1,False,20,3,3651,2.263962714348231,0.2974369306495964,1.7106934194678847,0.22474901938280137
local128,random512_seed1,512,1,False,20,4,7625,2.4515862197385543,0.3443266564840966,1.852465319673903,0.26017979079849823
local128,random512_seed1,512,1,False,20,5,14715,2.5713659825968382,0.3735771334064903,1.942973193681042,0.28228200920974167
local128,random512_seed1,512,1,False,20,6,24619,2.675181013202003,0.39586257975038003,2.0214178114181496,0.29912131763508915
local128,random512_seed1,512,1,False,20,7,31380,2.802619194697468,0.41913858751406957,2.11771253265697,0.31670911316744194
local128,random512_seed1,512,1,False,20,8,26684,2.9876631014302033,0.4541315362022234,2.2575352389030185,0.34315045280135714
local128,random512_seed1,512,1,False,20,9,13598,3.2723845776333182,0.5020158311316352,2.4726762183171047,0.37933273959983327
local128,random512_seed1,512,1,False,20,10,4537,3.699682565372191,0.5190865814879394,2.7955507299617004,0.3922317242495499
local128,random512_seed1,512,1,False,20,11,1268,4.1462681720163514,0.4298799648003138,3.1329993344256555,0.3248255027718926
local128,random512_seed1,512,1,False,20,12,275,4.432530284131677,0.38576701844816996,3.3493044477276857,0.29149291890923057
local128,random512_seed1,512,1,False,20,13,32,4.768233182650448,0.39542565101120297,3.602967962481146,0.29879116594391975
local128,random512_seed1,512,1,False,20,14,9,5.081029684662821,0.27997313125709206,3.8393229670198084,0.21155303938263376
local128,random512_seed1,512,1,False,20,15,2,5.084748906170801,0.19758544350350782,3.8421332817475737,0.14929933070094886
local128,random512_seed2,512,2,False,0,1,753,15.982265989225299,0.9390934154055102,1.0,0.058758464915964675
local128,random512_seed2,512,2,False,0,2,1631,16.0180616918353,1.0092200977514618,1.0022397138574801,0.0631462458722589
local128,random512_seed2,512,2,False,0,3,3537,16.009261419439998,0.9638358202432523,1.0016890865308397,0.0603065811126556
local128,random512_seed2,512,2,False,0,4,7369,15.996253857381289,0.9925880885246483,1.0008752118232433,0.06210559185999141
local128,random512_seed2,512,2,False,0,5,14245,16.00788129635522,0.9806046843708917,1.0016027331260278,0.0613557980471594
local128,random512_seed2,512,2,False,0,6,23887,16.001608349414855,0.9894562409260337,1.0012102389112154,0.06190963419036396
local128,random512_seed2,512,2,False,0,7,31244,15.994932937419263,0.9868475113165074,1.0007925627193606,0.061746407673467986
local128,random512_seed2,512,2,False,0,8,27283,15.981377051749185,0.9928050575987277,0.9999443797596215,0.062119167474001695
local128,random512_seed2,512,2,False,0,9,14702,15.99412090365931,1.000535401086156,1.0007417542945414,0.06260285004396016
local128,random512_seed2,512,2,False,0,10,4949,16.01993684399717,1.009861429741239,1.0023570409100477,0.06318637359821525
local128,random512_seed2,512,2,False,0,11,1060,16.077189381517243,1.0165116254333293,1.0059392949883288,0.06360247202234194
local128,random512_seed2,512,2,False,0,12,141,16.17219956744356,1.010953929304511,1.0118840205979744,0.06325473058614227
local128,random512_seed2,512,2,False,0,13,15,15.977511539413412,0.9081205815276968,0.9997025171640184,0.056820514821860735
local128,random512_seed2,512,2,False,20,1,753,1.334247913014407,0.13623213904218448,1.0,0.10210406755248451
local128,random512_seed2,512,2,False,20,2,1631,1.9485871005719189,0.24859205727845105,1.4604385598547145,0.18631624217183002
local128,random512_seed2,512,2,False,20,3,3537,2.292127142404944,0.3345734634938364,1.7179169778324355,0.2507580939271994
local128,random512_seed2,512,2,False,20,4,7369,2.487498180119772,0.3863689286123523,1.8643448161742882,0.2895780647986521
local128,random512_seed2,512,2,False,20,5,14245,2.611213392208165,0.4180777300060731,1.957067623443957,0.313343364398846
local128,random512_seed2,512,2,False,20,6,23887,2.7175513455614992,0.43954212190020653,2.036766420283811,0.3294306235092162
local128,random512_seed2,512,2,False,20,7,31244,2.8496869822949673,0.45663684160894624,2.1358002171101744,0.34224287492216265
local128,random512_seed2,512,2,False,20,8,27283,3.0484155586768917,0.48500415552326614,2.284744483346983,0.36350377676628165
local128,random512_seed2,512,2,False,20,9,14702,3.336221012032384,0.5265324237542,2.5004506130311333,0.3946286283218751
local128,random512_seed2,512,2,False,20,10,4949,3.7213653348428757,0.5584348348587723,2.789110853046313,0.4185390356707588
local128,random512_seed2,512,2,False,20,11,1060,4.180977161336418,0.5372712476863207,3.133583437196857,0.40267722545841406
local128,random512_seed2,512,2,False,20,12,141,4.645112644474363,0.38992132522231604,3.4814464382259116,0.2922405359745957
local128,random512_seed2,512,2,False,20,13,15,5.03046358775842,0.3225056647340196,3.770261537373004,0.24171344889376434
local1000,official32,32,0,True,0,1,48,44.64940660559412,0.9452428596395204,1.0,0.021170334199269985
local1000,official32,32,0,True,0,2,87,44.563580079119085,1.030313580520591,0.998077767813732,0.02307563882364123
local1000,official32,32,0,True,0,3,102,44.54954577971774,0.989526222508576,0.9977634456207113,0.022162136022309382
local1000,official32,32,0,True,0,4,103,44.643489327668675,1.0960057481340322,0.999867472417322,0.024546927528410055
local1000,official32,32,0,True,0,5,83,44.62806622699476,0.9539926493268518,0.9995220456390861,0.02136630073841398
local1000,official32,32,0,True,0,6,52,44.87355608431296,1.117771074501226,1.0050202118182407,0.02503439932304006
local1000,official32,32,0,True,0,7,20,45.10380354832092,1.096348853919998,1.0101769984703417,0.024554611970646803
local1000,official32,32,0,True,0,8,1,45.47683802975362,0.0,1.0185317451465488,0.0
local1000,official32,32,0,True,20,1,48,3.523499409506453,0.4863954360368204,1.0,0.13804328580970338
local1000,official32,32,0,True,20,2,87,5.364862252244358,0.9368015456157991,1.5225949060101676,0.26587248548652936
local1000,official32,32,0,True,20,3,102,7.255016159409307,1.0644610927201708,2.059037143538372,0.30210338331496217
local1000,official32,32,0,True,20,4,103,8.97119170470878,1.213966205221749,2.546102797833419,0.3445342439809839
local1000,official32,32,0,True,20,5,83,10.583721384841956,0.9699705872554062,3.0037528476056847,0.2752861500809143
local1000,official32,32,0,True,20,6,52,11.914987076257507,0.5420374990754792,3.3815777133694693,0.15383499075182305
local1000,official32,32,0,True,20,7,20,12.810943057100179,0.4954856827876746,3.635857869746215,0.14062317747261344
local1000,official32,32,0,True,20,8,1,13.54889455216678,0.0,3.845294968862962,0.0
local1000,random32_seed0,32,0,False,0,1,42,44.91674124741716,0.8830547573624067,1.0,0.019659813531400942
local1000,random32_seed0,32,0,False,0,2,73,44.6627353920665,1.0140901410877003,0.9943449625173941,0.022577108510649434
local1000,random32_seed0,32,0,False,0,3,116,44.614256414096246,0.9587894593008723,0.9932656549669372,0.021345926544838235
local1000,random32_seed0,32,0,False,0,4,127,44.54083528448258,1.0040371026301775,0.9916310499716808,0.02235329355483714
local1000,random32_seed0,32,0,False,0,5,87,44.635335490463575,1.0848011667985653,0.9937349471680614,0.02415137734109205
local1000,random32_seed0,32,0,False,0,6,37,44.63761149842997,1.3102356818868979,0.9937856188753845,0.029170319250670044
local1000,random32_seed0,32,0,False,0,7,13,45.19502142176031,0.9785997728518999,1.0061954666927035,0.02178697175428265
local1000,random32_seed0,32,0,False,0,8,1,46.41964368202075,0.0,1.0334597389050348,0.0
local1000,random32_seed0,32,0,False,20,1,42,3.879832345741938,0.5231143781734472,1.0,0.1348291192910843
local1000,random32_seed0,32,0,False,20,2,73,6.030983283371377,0.7745708522487801,1.554444302210712,0.1996402893797359
local1000,random32_seed0,32,0,False,20,3,116,7.4753211294455975,1.0862575183721666,1.9267124100477326,0.27997537562784613
local1000,random32_seed0,32,0,False,20,4,127,8.796982736911149,1.2296677572748258,2.2673615643639122,0.31693837457290364
local1000,random32_seed0,32,0,False,20,5,87,10.22570127269616,1.0743035614315675,2.635603902812637,0.2768943257588438
local1000,random32_seed0,32,0,False,20,6,37,11.612360204260161,0.9067136831184298,2.993005668661061,0.2336991916966555
local1000,random32_seed0,32,0,False,20,7,13,12.884108595520187,0.605998357423644,3.3207900361107914,0.15619189269575495
local1000,random32_seed0,32,0,False,20,8,1,13.386457529854127,0.0,3.450267005620894,0.0
local1000,random32_seed1,32,1,False,0,1,56,45.16959261517867,1.2267947486859467,1.0,0.027159747911334887
local1000,random32_seed1,32,1,False,0,2,131,44.88094802480373,1.1216808891703531,0.9936097588297056,0.024832654540998148
local1000,random32_seed1,32,1,False,0,3,192,44.93975061857996,1.1123253412616843,0.9949115769416641,0.024625534056463935
local1000,random32_seed1,32,1,False,0,4,106,44.89371645341615,1.2431180597127707,0.9938924363539683,0.02752112622098426
local1000,random32_seed1,32,1,False,0,5,11,45.22930449743718,1.1851493863146167,1.0013219486561948,0.02623777009483947
local1000,random32_seed1,32,1,False,20,1,56,2.9993650016702964,0.2984656965925338,1.0,0.09950962834677447
local1000,random32_seed1,32,1,False,20,2,131,4.087653165821754,0.5377585297009794,1.3628395222140046,0.1792907930183591
local1000,random32_seed1,32,1,False,20,3,192,4.817098627648711,0.6407739281434318,1.6060394866800638,0.21363652899416893
local1000,random32_seed1,32,1,False,20,4,106,5.568348115178254,0.6582774530631245,1.8565089984304457,0.21947227252986573
local1000,random32_seed1,32,1,False,20,5,11,6.499084738783538,0.6489339629392945,2.166820222001759,0.21635711644895303
local1000,random32_seed2,32,2,False,0,1,54,44.54702723633985,0.8929307850756029,1.0,0.0200446772876279
local1000,random32_seed2,32,2,False,0,2,123,44.727000441860326,0.9027783570939448,1.0040400721818237,0.020265737426301052
local1000,random32_seed2,32,2,False,0,3,167,44.70240184495922,0.8754060628100155,1.0034878782773773,0.019651279044180327
local1000,random32_seed2,32,2,False,0,4,113,44.76472922867925,0.9572515242210463,1.0048870150455698,0.021488561271270537
local1000,random32_seed2,32,2,False,0,5,34,44.59107123040582,0.7056499201736193,1.0009887078172983,0.015840561401097842
local1000,random32_seed2,32,2,False,0,6,5,44.04889370507582,0.4604778631694213,0.9888178053134448,0.010336893205609467
local1000,random32_seed2,32,2,False,20,1,54,3.0907044865349778,0.35438968851884173,1.0,0.11466307764549559
local1000,random32_seed2,32,2,False,20,2,123,4.291897347114883,0.6077611970961947,1.3886469462910624,0.19664163938803556
local1000,random32_seed2,32,2,False,20,3,167,5.255418708868255,0.7606330727670785,1.7003950820158036,0.24610346155087523
local1000,random32_seed2,32,2,False,20,4,113,6.293529541511512,0.8232377619821163,2.0362767029102984,0.26635926066974364
local1000,random32_seed2,32,2,False,20,5,34,7.595533187597783,0.5735658853531713,2.457541062462823,0.18557771791252753
local1000,random32_seed2,32,2,False,20,6,5,8.877014013291213,0.16799395360954258,2.8721652464559395,0.054354583021905926
local1000,random64_seed0,64,0,False,0,1,95,45.078078778046724,0.9575479907290589,1.0,0.021241987606521292
local1000,random64_seed0,64,0,False,0,2,191,45.07555311831349,0.9858904339453693,0.9999439714424019,0.021870728759307807
local1000,random64_seed0,64,0,False,0,3,345,44.9689661088953,0.9338496074757392,0.9975794738349727,0.0207162690334205
local1000,random64_seed0,64,0,False,0,4,475,44.9283073863672,0.9690190297507528,0.996677511647802,0.02149645805718478
local1000,random64_seed0,64,0,False,0,5,493,44.964128803536916,1.041411379704221,0.9974721643513055,0.023102390517392553
local1000,random64_seed0,64,0,False,0,6,294,44.934444402806264,1.0161485262975918,0.9968136535732217,0.022541966158337295
local1000,random64_seed0,64,0,False,0,7,107,44.768054688441346,1.00726987047516,0.9931225088111705,0.022345004440732865
local1000,random64_seed0,64,0,False,0,8,16,44.8791634406857,1.0272981996591157,0.9955873155477537,0.022789307519454793
local1000,random64_seed0,64,0,False,20,1,95,3.6283489710127226,0.4106250134280012,1.0,0.11317131199576705
local1000,random64_seed0,64,0,False,20,2,191,5.3540236947172515,0.7319394399999286,1.4756088065098294,0.20172796107746885
local1000,random64_seed0,64,0,False,20,3,345,6.503884639526723,0.8628998990123076,1.7925190469513739,0.2378216389619933
local1000,random64_seed0,64,0,False,20,4,475,7.4759548917199785,0.8241187817556833,2.0604288483401683,0.2271332742080926
local1000,random64_seed0,64,0,False,20,5,493,8.264303931133124,0.8350113026761046,2.2777037151491086,0.23013533410019305
local1000,random64_seed0,64,0,False,20,6,294,9.129493463764712,0.8250834155818919,2.5161563941895433,0.22739913447509424
local1000,random64_seed0,64,0,False,20,7,107,9.965419716895745,0.7430721667094027,2.7465438954495762,0.2047962234740615
local1000,random64_seed0,64,0,False,20,8,16,10.49802555082152,0.5747324473604539,2.893334030075772,0.15840054304369686
local1000,random64_seed1,64,1,False,0,1,100,45.03127196419601,1.207545158391364,1.0,0.026815701749474743
local1000,random64_seed1,64,1,False,0,2,225,44.92259082520673,1.0843439450560663,0.9975865407693638,0.02407979827703333
local1000,random64_seed1,64,1,False,0,3,438,44.853421096194836,1.1018429444925975,0.9960505031227503,0.024468394882753115
local1000,random64_seed1,64,1,False,0,4,565,44.8848168919569,1.1285968132654214,0.996747702966162,0.02506251242831336
local1000,random64_seed1,64,1,False,0,5,444,44.89905360113367,1.129201293248294,0.9970638545771601,0.025075935988352997
local1000,random64_seed1,64,1,False,0,6,182,44.69081192553081,1.0847718208271453,0.99243947541753,0.02408930002442832
local1000,random64_seed1,64,1,False,0,7,50,44.733262283970255,1.1490912019974397,0.9933821616128743,0.02551762701509015
local1000,random64_seed1,64,1,False,0,8,11,44.93522260918888,1.2686608291284838,0.997867052143597,0.028172884615322115
local1000,random64_seed1,64,1,False,0,9,1,43.20786623869177,0.0,0.9595080119665726,0.0
local1000,random64_seed1,64,1,False,20,1,100,3.4416447720412155,0.3769183815479563,1.0,0.1095169334760858
local1000,random64_seed1,64,1,False,20,2,225,4.892413067187519,0.7135083161295838,1.4215334211513824,0.207316083846273
local1000,random64_seed1,64,1,False,20,3,438,5.822217190524099,0.8829629821287701,1.6916961441871825,0.25655261963746795
local1000,random64_seed1,64,1,False,20,4,565,6.670043676929458,1.0235222813831224,1.9380395475775676,0.29739335381091014
local1000,random64_seed1,64,1,False,20,5,444,7.6288710041101195,1.1249505329880445,2.2166352164187733,0.32686421972621077
local1000,random64_seed1,64,1,False,20,6,182,8.800798202778473,1.2092846954659504,2.5571489173645254,0.3513682484868222
local1000,random64_seed1,64,1,False,20,7,50,10.454784057748292,1.1625710812938015,3.0377289785045516,0.3377951991844553
local1000,random64_seed1,64,1,False,20,8,11,11.695493322758445,0.3648113772838148,3.39822791061087,0.1059991374610831
local1000,random64_seed1,64,1,False,20,9,1,12.355250289320411,0.0,3.5899260695613853,0.0
local1000,random64_seed2,64,2,False,0,1,89,44.86172141005977,0.9065603074059082,1.0,0.02020788054741523
local1000,random64_seed2,64,2,False,0,2,165,44.80679647538096,0.8716686765635495,0.9987756837465784,0.01943012102892884
local1000,random64_seed2,64,2,False,0,3,278,44.767148486996525,0.8837053708977671,0.9978919016013942,0.01969842759309734
local1000,random64_seed2,64,2,False,0,4,404,44.769226979594485,0.8859492416055966,0.9979382326946432,0.01974844508322705
local1000,random64_seed2,64,2,False,0,5,445,44.789467814552,0.8952721271029012,0.9983894154473624,0.0199562588987534
local1000,random64_seed2,64,2,False,0,6,337,44.8657601376914,0.9332254600121964,1.0000900261404309,0.020802265955914265
local1000,random64_seed2,64,2,False,0,7,200,44.8139350788957,0.8725254547029458,0.9989348083474712,0.01944921922918658
local1000,random64_seed2,64,2,False,0,8,86,44.800351490275226,1.0544912813458254,0.9986320203983349,0.02350536823380493
local1000,random64_seed2,64,2,False,0,9,12,45.154443297851934,0.7389478219007353,1.0065249811775283,0.016471677828551492
local1000,random64_seed2,64,2,False,20,1,89,3.800266492040938,0.3888022249631789,1.0,0.10230920009885205
local1000,random64_seed2,64,2,False,20,2,165,5.667057204804161,0.7410955760028344,1.4912262644403815,0.1950114755254514
local1000,random64_seed2,64,2,False,20,3,278,6.918080885006412,0.9304719491495859,1.8204199362058548,0.24484386847562228
local1000,random64_seed2,64,2,False,20,4,404,7.791826976605609,1.097860223109036,2.0503369942408955,0.28889032529911574
local1000,random64_seed2,64,2,False,20,5,445,8.613124972569441,1.1811448401341533,2.2664528897139924,0.31080579285896814
local1000,random64_seed2,64,2,False,20,6,337,9.552749785750857,1.071807189523734,2.513705237713616,0.282034744607639
local1000,random64_seed2,64,2,False,20,7,200,10.434697920033866,0.8695467143055734,2.745780576674742,0.22881203624185373
local1000,random64_seed2,64,2,False,20,8,86,11.173226016675496,0.7321829908410079,2.940116447116555,0.19266622284896345
local1000,random64_seed2,64,2,False,20,9,12,12.08936930149705,0.9389569383552081,3.1811898788720048,0.24707660379126203
local1000,random128_seed0,128,0,False,0,1,197,44.96861667808781,0.9492701526494125,1.0,0.021109614277104734
local1000,random128_seed0,128,0,False,0,2,441,44.86761160931254,1.012759083115617,0.9977538764534758,0.022521464032695306
local1000,random128_seed0,128,0,False,0,3,928,44.92098567617923,0.9963626175307516,0.9989407945934927,0.022156843842080127
local1000,random128_seed0,128,0,False,0,4,1680,44.91756634727452,0.9744533390311914,0.9988647564771952,0.021669631200953096
local1000,random128_seed0,128,0,False,0,5,2170,44.88237703412066,0.9888472279223143,0.9980822259980886,0.02198971862979626
local1000,random128_seed0,128,0,False,0,6,1722,44.82236319728825,0.9976826570921982,0.9967476544398389,0.02218619852672378
local1000,random128_seed0,128,0,False,0,7,795,44.77868528575567,0.9351096941815371,0.9957763567936326,0.020794717811215103
local1000,random128_seed0,128,0,False,0,8,182,44.81802218007107,0.9237226190038618,0.9966511200668059,0.020541495096823178
local1000,random128_seed0,128,0,False,0,9,13,44.65885277407954,0.6370482218694559,0.9931115536369343,0.014166506975961193
local1000,random128_seed0,128,0,False,20,1,197,3.5662570496269956,0.30400398183008404,1.0,0.08524455124789186
local1000,random128_seed0,128,0,False,20,2,441,5.132244256365558,0.5639512483283453,1.439112263907716,0.1581353336230574
local1000,random128_seed0,128,0,False,20,3,928,6.033290436599613,0.7306474661682787,1.6917710508923218,0.20487795916020665
local1000,random128_seed0,128,0,False,20,4,1680,6.611895062827231,0.8554605611966027,1.8540152801152645,0.23987630428549103
local1000,random128_seed0,128,0,False,20,5,2170,7.196708322968672,0.9234020026755634,2.0180004477583564,0.25892749452038083
local1000,random128_seed0,128,0,False,20,6,1722,7.914911147615145,0.9171080146861251,2.2193888543292153,0.2571626223022953
local1000,random128_seed0,128,0,False,20,7,795,8.715614255819013,0.8826719303686726,2.443910838320138,0.24750653642899736
local1000,random128_seed0,128,0,False,20,8,182,9.591695851069035,0.913963275037106,2.689569405007487,0.2562808183253924
local1000,random128_seed0,128,0,False,20,9,13,10.524885070613253,0.8093869102896408,2.9512412942062265,0.22695697450476734
local1000,random128_seed1,128,1,False,0,1,200,44.779646574632494,1.122805132388954,1.0,0.02507400612279551
local1000,random128_seed1,128,1,False,0,2,473,44.79094021086133,0.9760660423572632,1.000252204675399,0.021797091246142195
local1000,random128_seed1,128,1,False,0,3,1043,44.72279086822523,1.0095954231318167,0.9987303225738394,0.022545855100690966
local1000,random128_seed1,128,1,False,0,4,1865,44.76360135188017,1.0252708925429672,0.999641684917598,0.022895913008919983
local1000,random128_seed1,128,1,False,0,5,2253,44.75713650938806,1.0368766208110038,0.999497314807813,0.023155087190848682
local1000,random128_seed1,128,1,False,0,6,1578,44.77516541622335,1.0168993271499431,0.9998999286784974,0.022708962775200035
local1000,random128_seed1,128,1,False,0,7,547,44.750503186111665,1.0625906735771913,0.9993491822568931,0.02372932246810418
local1000,random128_seed1,128,1,False,0,8,135,44.55662396707691,1.0695687194595584,0.9950195540917484,0.023885153217476827
local1000,random128_seed1,128,1,False,0,9,31,44.32300592202808,1.0855148338365084,0.9898024953849659,0.024241255053840657
local1000,random128_seed1,128,1,False,0,10,3,43.81825916503069,0.47783003553860054,0.9785307057303478,0.010670696892219098
local1000,random128_seed1,128,1,False,20,1,200,3.4792641728720697,0.3060231432084865,1.0,0.08795628270901601
local1000,random128_seed1,128,1,False,20,2,473,4.903227084968682,0.6046495941277888,1.4092712830486673,0.17378662961043903
local1000,random128_seed1,128,1,False,20,3,1043,5.684161518813148,0.7979704892943655,1.6337251891169204,0.22935035962953493
local1000,random128_seed1,128,1,False,20,4,1865,6.23848656384207,0.9397241144309871,1.7930476830370463,0.2700927747188745
local1000,random128_seed1,128,1,False,20,5,2253,6.82639069145073,1.090597423034806,1.962021379312416,0.3134563427342562
local1000,random128_seed1,128,1,False,20,6,1578,7.644236451758025,1.3139059334221943,2.197084231591373,0.37763902599485244
local1000,random128_seed1,128,1,False,20,7,547,9.115337139987883,1.5514752579953415,2.619903717303345,0.4459205110357075
local1000,random128_seed1,128,1,False,20,8,135,11.006532627039379,1.1057186108101194,3.1634656295597368,0.317802430591917
local1000,random128_seed1,128,1,False,20,9,31,12.19972978891173,0.5208746393747665,3.506410891139972,0.14970827551297836
local1000,random128_seed1,128,1,False,20,10,3,12.892675224654647,0.29542879549236056,3.7055752550149066,0.08491128606899931
local1000,random128_seed2,128,2,False,0,1,178,44.80668563307023,0.8899221749825736,1.0,0.019861370293493736
local1000,random128_seed2,128,2,False,0,2,350,44.83595508592127,0.8964323805514953,1.0006532385164735,0.020006665699233737
local1000,random128_seed2,128,2,False,0,3,694,44.769348150839775,0.9239685240514558,0.9991666984133525,0.020621220047784727
local1000,random128_seed2,128,2,False,0,4,1248,44.75009485588351,0.9201671231321805,0.9987370014901313,0.020536380009617085
local1000,random128_seed2,128,2,False,0,5,1759,44.75486327811049,0.9183573934426499,0.9988434236045906,0.020495990285093586
local1000,random128_seed2,128,2,False,0,6,1764,44.72744778460015,0.9246581205512584,0.9982315619343289,0.020636610530032174
local1000,random128_seed2,128,2,False,0,7,1217,44.71125026023496,0.9463312705403281,0.9978700639985558,0.02112031401496643
local1000,random128_seed2,128,2,False,0,8,594,44.65758251245314,0.9546431511037508,0.9966723019453364,0.021305819379757077
local1000,random128_seed2,128,2,False,0,9,239,44.79924902847888,0.9171094025092624,0.9998340291301113,0.02046813750116738
local1000,random128_seed2,128,2,False,0,10,75,44.96389859289992,1.0059451518642732,1.0035086942407911,0.02245078245916544
local1000,random128_seed2,128,2,False,0,11,10,45.24792114143576,0.6887381443082867,1.0098475373067959,0.01537132538542314
local1000,random128_seed2,128,2,False,20,1,178,3.8477103637422285,0.3797939441797976,1.0,0.09870647951017171
local1000,random128_seed2,128,2,False,20,2,350,5.798543555008638,0.6115083558675946,1.507011444949057,0.15892785528504547
local1000,random128_seed2,128,2,False,20,3,694,6.938214377882663,0.8373783242124809,1.8032059905711444,0.21763029049776467
local1000,random128_seed2,128,2,False,20,4,1248,7.633851324237114,0.9864101463324566,1.9839984309038632,0.2563628893763948
local1000,random128_seed2,128,2,False,20,5,1759,8.255546511968413,1.028363506923043,2.145573791042626,0.2672663505583802
local1000,random128_seed2,128,2,False,20,6,1764,8.898228157203311,1.0212483244584838,2.3126034228181926,0.2654171514784268
local1000,random128_seed2,128,2,False,20,7,1217,9.658013738435708,1.0197160490323296,2.5100677611925186,0.2650189210293283
local1000,random128_seed2,128,2,False,20,8,594,10.616978804424539,0.9531130047816088,2.75929781629889,0.24770913470072747
local1000,random128_seed2,128,2,False,20,9,239,11.523986121341135,0.7597945005381187,2.995024321459859,0.19746665645569886
local1000,random128_seed2,128,2,False,20,10,75,12.225862495082847,0.67440967079337,3.177438356662622,0.17527558132973625
local1000,random128_seed2,128,2,False,20,11,10,12.86746499857146,0.43059774054812194,3.3441875250861517,0.11191012312302236
local1000,random256_seed0,256,0,False,0,1,369,44.83683705126484,1.0336826442173224,1.0,0.023054316767158366
local1000,random256_seed0,256,0,False,0,2,767,44.79286718162081,0.9961929532470274,0.9990193360518772,0.022218180825467594
local1000,random256_seed0,256,0,False,0,3,1592,44.83262896463553,0.975364948096363,0.9999061466663116,0.021753651957678585
local1000,random256_seed0,256,0,False,0,4,3057,44.816946158991826,0.9702042775121249,0.9995563716448091,0.021638553058567177
local1000,random256_seed0,256,0,False,0,5,5250,44.823111079109296,0.9794833794833879,0.9996938684113724,0.02184550570245358
local1000,random256_seed0,256,0,False,0,6,7311,44.80921695070607,0.9736033679870942,0.999383986418864,0.021714363278433554
local1000,random256_seed0,256,0,False,0,7,7292,44.82904302739273,0.9825451816448977,0.9998261691862163,0.021913793350799717
local1000,random256_seed0,256,0,False,0,8,4654,44.85300511755433,0.9851395325641421,1.0003605978332282,0.02197165539214483
local1000,random256_seed0,256,0,False,0,9,1837,44.87141460767191,0.9993865787476368,1.000771186343219,0.022289408541574286
local1000,random256_seed0,256,0,False,0,10,435,44.77891687696405,0.9856681858057492,0.9987082011553454,0.021983445992828875
local1000,random256_seed0,256,0,False,0,11,71,44.57325546211667,0.9926419976997223,0.9941213161658393,0.022138983545265938
local1000,random256_seed0,256,0,False,0,12,5,44.696944480767534,0.6519589728053792,0.9968799634475252,0.014540699471284127
local1000,random256_seed0,256,0,False,20,1,369,3.7888490561840866,0.2967235691575218,1.0,0.07831496181491192
local1000,random256_seed0,256,0,False,20,2,767,5.587348762876628,0.5634072429404422,1.4746823322921943,0.14870142214318613
local1000,random256_seed0,256,0,False,20,3,1592,6.611511353609175,0.7952881963966315,1.7449920161949954,0.20990231719539668
local1000,random256_seed0,256,0,False,20,4,3057,7.238656496912648,0.9361482619261927,1.9105159349375114,0.24707985143885042
local1000,random256_seed0,256,0,False,20,5,5250,7.687454592515659,1.011698251744505,2.028968290507204,0.2670199410803211
local1000,random256_seed0,256,0,False,20,6,7311,8.110851369577373,1.0559048057086706,2.1407164152762954,0.2786874826763666
local1000,random256_seed0,256,0,False,20,7,7292,8.626056657685352,1.0867074148190523,2.2766957801092835,0.2868172890248423
local1000,random256_seed0,256,0,False,20,8,4654,9.288846859956381,1.1344170530535411,2.451627584581472,0.29940940803697824
local1000,random256_seed0,256,0,False,20,9,1837,10.182035554455897,1.2394522996763038,2.6873690145657756,0.32713161207974056
local1000,random256_seed0,256,0,False,20,10,435,11.40435466581088,1.2444799022206772,3.0099786232436236,0.32845855925283196
local1000,random256_seed0,256,0,False,20,11,71,12.724923476876638,0.9684869243644089,3.3585195103265626,0.25561507201868156
local1000,random256_seed0,256,0,False,20,12,5,14.194931332773303,0.5019489946922812,3.7465022021937266,0.13248059958287586
local1000,random256_seed1,256,1,False,0,1,398,44.67904397109903,1.0010131768793884,1.0,0.022404534383656492
local1000,random256_seed1,256,1,False,0,2,919,44.77575858734161,1.0428590823784782,1.002164652768872,0.023341123481806357
local1000,random256_seed1,256,1,False,0,3,2095,44.75306423497884,0.9806426403841622,1.0016567110058956,0.02194860393652331
local1000,random256_seed1,256,1,False,0,4,4282,44.72813947745448,0.9979825305242424,1.0010988486321957,0.022336702888490514
local1000,random256_seed1,256,1,False,0,5,7253,44.72530644027628,1.0129046663053207,1.001035439997489,0.02267068800667547
local1000,random256_seed1,256,1,False,0,6,8748,44.70639466623686,1.0095082642138111,1.0006121593639186,0.022594670218700718
local1000,random256_seed1,256,1,False,0,7,6158,44.65804407374502,1.016418272035062,0.9995299832877447,0.02274932902979168
local1000,random256_seed1,256,1,False,0,8,2276,44.6178524246207,1.004760792165824,0.9986304195202138,0.022488412975348374
local1000,random256_seed1,256,1,False,0,9,466,44.717135659183356,1.0934451054943921,1.0008525627385618,0.024473332647889583
local1000,random256_seed1,256,1,False,0,10,45,44.94812227971388,0.9399318913878623,1.0060224723874778,0.021037421749576027
local1000,random256_seed1,256,1,False,20,1,398,3.542190181576489,0.2873922670222603,1.0,0.0811340589551161
local1000,random256_seed1,256,1,False,20,2,919,5.090769295113222,0.5215438601895998,1.4371812449797716,0.1472376787960835
local1000,random256_seed1,256,1,False,20,3,2095,5.917519065683378,0.6989875240541878,1.6705819739610153,0.19733201443833714
local1000,random256_seed1,256,1,False,20,4,4282,6.396094275576719,0.8112268978085991,1.8056891210539323,0.22901844797264784
local1000,random256_seed1,256,1,False,20,5,7253,6.760720117650524,0.8775945315851917,1.9086270841170911,0.24775477503994692
local1000,random256_seed1,256,1,False,20,6,8748,7.159375902280164,0.9364391097227712,2.02117208147582,0.26436725915885156
local1000,random256_seed1,256,1,False,20,7,6158,7.713240652010413,1.0312799919821334,2.177534309740973,0.29114190348840935
local1000,random256_seed1,256,1,False,20,8,2276,8.584902210768336,1.1625841835211232,2.4236141400368103,0.32821054882030726
local1000,random256_seed1,256,1,False,20,9,466,9.759681519010911,1.1242560592584698,2.7552675092863765,0.31739008964168824
local1000,random256_seed1,256,1,False,20,10,45,10.698827772831605,0.8180843332849981,3.0203990255740525,0.23095437888682221
local1000,random256_seed2,256,2,False,0,1,381,44.68761766700876,0.9429904552969229,1.0,0.021101828750944997
local1000,random256_seed2,256,2,False,0,2,826,44.70495682446335,0.9867785468105733,1.0003880080961978,0.02208169954736871
local1000,random256_seed2,256,2,False,0,3,1765,44.687238249028574,0.927010882778564,0.9999915095500724,0.020744244852930308
local1000,random256_seed2,256,2,False,0,4,3488,44.70643050762956,0.938288826934435,1.0004209855347623,0.020996617763921203
local1000,random256_seed2,256,2,False,0,5,5962,44.714288594044014,0.9393077381433257,1.0005968303621373,0.02101941851415325
local1000,random256_seed2,256,2,False,0,6,7914,44.690304871119025,0.9465259988169241,1.0000601330804944,0.021180945600412032
local1000,random256_seed2,256,2,False,0,7,6860,44.694733309094524,0.9524204647828394,1.000159230732298,0.02131284938659813
local1000,random256_seed2,256,2,False,0,8,3527,44.69272706208931,0.9425212303812741,1.000114335812632,0.02109132864062036
local1000,random256_seed2,256,2,False,0,9,1219,44.67978827849944,0.9567789134787557,0.9998247973618182,0.02141038084885672
local1000,random256_seed2,256,2,False,0,10,435,44.553469256683584,1.0294880568248617,0.9969980854355498,0.023037434317848972
local1000,random256_seed2,256,2,False,0,11,196,44.27372124445643,0.943188960911032,0.9907380065405033,0.021106270822920912
local1000,random256_seed2,256,2,False,0,12,56,44.21046852258227,0.9093591871432434,0.9893225647430574,0.0203492429137611
local1000,random256_seed2,256,2,False,0,13,11,44.58347973928084,0.9380191523156378,0.9976696469141876,0.02099058310302684
local1000,random256_seed2,256,2,False,20,1,381,3.6813943154721804,0.3419027076619978,1.0,0.0928731557565153
local1000,random256_seed2,256,2,False,20,2,826,5.362231712599441,0.6327573206543153,1.456576300469371,0.17187980054050717
local1000,random256_seed2,256,2,False,20,3,1765,6.325226988093287,0.834171058947202,1.7181606875171167,0.22659106508676458
local1000,random256_seed2,256,2,False,20,4,3488,6.8965537437218725,0.9681889246697007,1.8733537221853702,0.26299517022683283
local1000,random256_seed2,256,2,False,20,5,5962,7.323169579640408,1.0522801770654366,1.989238031053223,0.2858373993361452
local1000,random256_seed2,256,2,False,20,6,7914,7.7605034245938205,1.130948511846877,2.1080337392758883,0.3072065676566407
local1000,random256_seed2,256,2,False,20,7,6860,8.361006298963204,1.2695124531257218,2.271152064266392,0.3448455515319859
local1000,random256_seed2,256,2,False,20,8,3527,9.33308750141055,1.533978466413546,2.535204518077677,0.41668409710052917
local1000,random256_seed2,256,2,False,20,9,1219,10.951177259927814,1.814719810175896,2.974736287797848,0.4929436117584534
local1000,random256_seed2,256,2,False,20,10,435,12.942203107139738,1.4318642296837014,3.5155710032870395,0.38894617283072774
local1000,random256_seed2,256,2,False,20,11,196,13.911582563620684,0.9057483086878888,3.778889565063167,0.24603403794078937
local1000,random256_seed2,256,2,False,20,12,56,14.487195050934202,0.7703010490925186,3.9352467596441256,0.2092416576662527
local1000,random256_seed2,256,2,False,20,13,11,15.343343157380325,0.6247910231914433,4.167807586624246,0.16971586568859762
local1000,random512_seed0,512,0,False,0,1,767,44.82751050793461,1.019714606699698,1.0,0.022747518100948418
local1000,random512_seed0,512,0,False,0,2,1709,44.791547038772215,0.9699393817109808,0.9991977366408507,0.021637145822302545
local1000,random512_seed0,512,0,False,0,3,3863,44.778542519590175,1.0091190427573866,0.9989076353384432,0.022511155121557984
local1000,random512_seed0,512,0,False,0,4,8304,44.805187006983864,0.9926399708850111,0.9995020133686255,0.02214354443593986
local1000,random512_seed0,512,0,False,0,5,16348,44.80293851192384,1.0054575786796989,0.9994518545479696,0.02242947616958853
local1000,random512_seed0,512,0,False,0,6,27065,44.80021082903579,1.0049817056866286,0.9993910061346372,0.022418860523355264
local1000,random512_seed0,512,0,False,0,7,33193,44.81093171006134,1.0011851503802611,0.999630164653682,0.02233416799273402
local1000,random512_seed0,512,0,False,0,8,25781,44.80418069906371,0.9927892841514844,0.999479564923268,0.02214687527597049
local1000,random512_seed0,512,0,False,0,9,11031,44.8078839321954,0.9903421113302922,0.9995621756480156,0.022092284405465668
local1000,random512_seed0,512,0,False,0,10,2456,44.80787985984952,0.9628888671286161,0.9995620848032233,0.021479864846792724
local1000,random512_seed0,512,0,False,0,11,288,44.86473542955369,0.8416381615162536,1.0008304034999331,0.018775036846341957
local1000,random512_seed0,512,0,False,0,12,11,45.416002470677796,0.5680643291331986,1.013127919799138,0.0126722256644756
local1000,random512_seed0,512,0,False,20,1,767,3.675417373079291,0.2759961398505649,1.0,0.07509246211657682
local1000,random512_seed0,512,0,False,20,2,1709,5.330379190845664,0.5487353918720893,1.4502786077815795,0.14929879689074738
local1000,random512_seed0,512,0,False,20,3,3863,6.2251018975927455,0.7728248245150141,1.6937129217456222,0.2102685888616606
local1000,random512_seed0,512,0,False,20,4,8304,6.728485117435208,0.9120215259593685,1.8306723929418758,0.2481409411185512
local1000,random512_seed0,512,0,False,20,5,16348,7.053481095234932,0.9951198047229108,1.919096630194539,0.2707501499045243
local1000,random512_seed0,512,0,False,20,6,27065,7.348198741329884,1.0501987742755896,1.9992828012274182,0.28573592266494774
local1000,random512_seed0,512,0,False,20,7,33193,7.72454759599152,1.088405943451699,2.1016790236042877,0.2961312506774774
local1000,random512_seed0,512,0,False,20,8,25781,8.28044515206065,1.1122846212508926,2.2529264874000514,0.30262811222416697
local1000,random512_seed0,512,0,False,20,9,11031,9.049610497710246,1.0948315213851054,2.462199412778097,0.29787950870674795
local1000,random512_seed0,512,0,False,20,10,2456,9.977239133569743,1.0238802790659978,2.7145867042606757,0.2785752406149682
local1000,random512_seed0,512,0,False,20,11,288,10.943282489429844,0.9113967696075546,2.9774257937572637,0.2479709586952243
local1000,random512_seed0,512,0,False,20,12,11,11.727032954126512,0.5921653365082884,3.190667008329865,0.1611151269092925
local1000,random512_seed1,512,1,False,0,1,758,44.7271039556034,0.9901029200609642,1.0,0.0221365309286233
local1000,random512_seed1,512,1,False,0,2,1663,44.76287410648447,1.0025559078616206,1.0007997421634223,0.022414952438162963
local1000,random512_seed1,512,1,False,0,3,3651,44.7051336492152,0.9958078819251537,0.999508792109366,0.022264081370294023
local1000,random512_seed1,512,1,False,0,4,7625,44.706964467126205,0.998729677666778,0.9995497251845954,0.022329406318328318
local1000,random512_seed1,512,1,False,0,5,14715,44.71511252110399,0.9949015936245694,0.9997318978105243,0.022243818750530314
local1000,random512_seed1,512,1,False,0,6,24619,44.71123527482736,0.9923120852862208,0.999645211082931,0.0221859230204397
local1000,random512_seed1,512,1,False,0,7,31380,44.70207027189779,1.0063765779851164,0.9994403017076523,0.022500374246990293
local1000,random512_seed1,512,1,False,0,8,26684,44.700994601325995,1.0119089670923624,0.9994162520716003,0.02262406634010541
local1000,random512_seed1,512,1,False,0,9,13598,44.69013344055814,1.0218136945220997,0.9991734203251355,0.022845514333688203
local1000,random512_seed1,512,1,False,0,10,4537,44.69477497362552,1.020730190629736,0.9992771948300081,0.02282128956175932
local1000,random512_seed1,512,1,False,0,11,1268,44.75864952490165,1.0419346612849676,1.0007052897797624,0.023295375044161213
local1000,random512_seed1,512,1,False,0,12,275,44.70713037880521,0.9924580222023595,0.9995534346060497,0.022189185849982238
local1000,random512_seed1,512,1,False,0,13,32,44.85849436534349,0.9480427714547114,1.0029376015462685,0.021196158204111512
local1000,random512_seed1,512,1,False,0,14,9,44.82727486496859,1.0775450218084701,1.00223960195287,0.024091544645458218
local1000,random512_seed1,512,1,False,0,15,2,45.224297053538606,1.3158273905983613,1.0111161477932649,0.029419016082607666
local1000,random512_seed1,512,1,False,20,1,758,3.702907805844995,0.2904490901406449,1.0,0.07843811009341754
local1000,random512_seed1,512,1,False,20,2,1663,5.394612092995197,0.5653677763258792,1.4568583329241596,0.1526821098363435
local1000,random512_seed1,512,1,False,20,3,3651,6.332630652037515,0.773415857009923,1.710177780295133,0.20886716536368943
local1000,random512_seed1,512,1,False,20,4,7625,6.850796094818091,0.9083891800181128,1.8501125207611686,0.2453177955400973
local1000,random512_seed1,512,1,False,20,5,14715,7.1777201530024435,0.9870972987151989,1.9384009889937037,0.2665735552900015
local1000,random512_seed1,512,1,False,20,6,24619,7.4577005383266215,1.043722890505767,2.014011941251881,0.28186575125048025
local1000,random512_seed1,512,1,False,20,7,31380,7.8012787169049504,1.1128776067544948,2.1067979884864343,0.30054153792266475
local1000,random512_seed1,512,1,False,20,8,26684,8.312000023955491,1.2249497125670379,2.2447223802966687,0.33080751042018103
local1000,random512_seed1,512,1,False,20,9,13598,9.12197225310326,1.3915891433969512,2.4634618876290517,0.3758098274011426
local1000,random512_seed1,512,1,False,20,10,4537,10.398417742859463,1.5119552522440667,2.808176246366622,0.4083156620473952
local1000,random512_seed1,512,1,False,20,11,1268,11.85206095593872,1.3011181409401222,3.2007442737921767,0.3513774063956772
local1000,random512_seed1,512,1,False,20,12,275,12.930490621215414,1.0267089617491991,3.491982868383812,0.27727100310965114
local1000,random512_seed1,512,1,False,20,13,32,14.306582658657367,1.130549186042858,3.8636075778269716,0.3053138898727913
local1000,random512_seed1,512,1,False,20,14,9,15.524383503693343,0.7403296534414254,4.192484479140499,0.19993197029448698
local1000,random512_seed1,512,1,False,20,15,2,15.74402483169966,0.42943697106180956,4.251800384240706,0.11597290388487354
local1000,random512_seed2,512,2,False,0,1,753,44.65539591595093,0.9766246793576807,1.0,0.02187025015287861
local1000,random512_seed2,512,2,False,0,2,1631,44.66683381753333,0.9944814144812019,1.000256137054611,0.02227012870634907
local1000,random512_seed2,512,2,False,0,3,3537,44.72656629607642,0.962643860270214,1.00159376887531,0.021557167740312366
local1000,random512_seed2,512,2,False,0,4,7369,44.687908766259795,0.9850476022195026,1.000728083351227,0.022058870647424785
local1000,random512_seed2,512,2,False,0,5,14245,44.693233964925675,0.9819894484444995,1.0008473343075035,0.021990387237698465
local1000,random512_seed2,512,2,False,0,6,23887,44.69114386541571,0.9793361520889293,1.0008005292245548,0.021930970087740503
local1000,random512_seed2,512,2,False,0,7,31244,44.68802973446301,0.9853581999637115,1.0007307922781268,0.022065826083332095
local1000,random512_seed2,512,2,False,0,8,27283,44.70737444095712,0.9883388242264313,1.0011639920314226,0.022132573319619726
local1000,random512_seed2,512,2,False,0,9,14702,44.6793720228189,0.9757720514471275,1.0005369139916058,0.021851156650445937
local1000,random512_seed2,512,2,False,0,10,4949,44.64168033295585,0.9721440846982711,0.9996928572076509,0.021769913014051245
local1000,random512_seed2,512,2,False,0,11,1060,44.58035773826851,0.8933937605058196,0.9983196167866554,0.02000640106712611
local1000,random512_seed2,512,2,False,0,12,141,44.559384929361194,0.9426830045731336,0.9978499577795604,0.021110170120256545
local1000,random512_seed2,512,2,False,0,13,15,44.36717560959777,0.9587590784384075,0.9935456779535525,0.021470173061346392
local1000,random512_seed2,512,2,False,20,1,753,3.7385182172550993,0.3136560489409095,1.0,0.08389849419302885
local1000,random512_seed2,512,2,False,20,2,1631,5.454330518830401,0.6211230824611781,1.4589551800646536,0.16614151553264866
local1000,random512_seed2,512,2,False,20,3,3537,6.408854572810209,0.8575532628899474,1.714276673370266,0.22938319758130843
local1000,random512_seed2,512,2,False,20,4,7369,6.952048507017948,1.0023692030093112,1.8595732595151808,0.26811938440820876
local1000,random512_seed2,512,2,False,20,5,14245,7.3011430046410455,1.09679828350601,1.9529510304223425,0.2933778090056501
local1000,random512_seed2,512,2,False,20,6,23887,7.603000782708624,1.1657207885218088,2.033693656384243,0.31181359051333074
local1000,random512_seed2,512,2,False,20,7,31244,7.984948107927722,1.2155081245890482,2.135859087451617,0.3251309887909281
local1000,random512_seed2,512,2,False,20,8,27283,8.563905294180401,1.2868926804146605,2.2907218305514117,0.34422533357601903
local1000,random512_seed2,512,2,False,20,9,14702,9.403520484991448,1.398246157490128,2.5153068511448144,0.3740107915046487
local1000,random512_seed2,512,2,False,20,10,4949,10.54217285176675,1.4568150651245366,2.8198800270945426,0.38967713421874445
local1000,random512_seed2,512,2,False,20,11,1060,11.851189111818742,1.3616609105539228,3.170023100895879,0.3642247627065687
local1000,random512_seed2,512,2,False,20,12,141,13.15629835105351,1.1107966944593004,3.5191211026686258,0.29712218315064715
local1000,random512_seed2,512,2,False,20,13,15,14.151736265793712,1.151783907068594,3.785386466883187,0.3080856746270608
local2048,official32,32,0,True,0,1,48,64.47539241163827,0.9025301638851327,1.0,0.013998056159518924
local2048,official32,32,0,True,0,2,87,64.39870986626859,1.1335850469645519,0.9988106695825889,0.017581669603920574
local2048,official32,32,0,True,0,3,102,64.28389260030477,1.1240384719626682,0.997029877536675,0.01743360420028667
local2048,official32,32,0,True,0,4,103,64.40281251261199,1.0408070495376054,0.99887430077877,0.016142702054338057
local2048,official32,32,0,True,0,5,83,64.31180417810856,1.0601021399948967,0.9974627803350883,0.01644196491626999
local2048,official32,32,0,True,0,6,52,64.33946973766685,0.8663599975558848,0.997891867441401,0.013437064361309736
local2048,official32,32,0,True,0,7,20,64.49228260609617,0.9743279250449097,1.0002619634224181,0.015111624584219462
local2048,official32,32,0,True,0,8,1,62.7538631906226,0.0,0.9732994378688742,0.0
local2048,official32,32,0,True,20,1,48,5.03354299548428,0.7184742424110397,1.0,0.14273728128588578
local2048,official32,32,0,True,20,2,87,7.648353814906292,1.3751140587096704,1.5194771996122465,0.27319008895788127
local2048,official32,32,0,True,20,3,102,10.354456774520505,1.5291392933396066,2.0570911550392545,0.3037898543255589
local2048,official32,32,0,True,20,4,103,12.758438221650797,1.7146528545135526,2.534683469098549,0.34064531802982745
local2048,official32,32,0,True,20,5,83,14.996624478224366,1.3367148400975064,2.979337713351852,0.2655614228976901
local2048,official32,32,0,True,20,6,52,16.774150763900703,0.7959760900226822,3.3324739212418018,0.15813435799332057
local2048,official32,32,0,True,20,7,20,18.127611989715202,0.790731626398478,3.6013623020560166,0.15709245497810662
local2048,official32,32,0,True,20,8,1,19.341184630949297,0.0,3.842459406485803,0.0
local2048,random32_seed0,32,0,False,0,1,42,64.51874534706747,0.9628756129627577,1.0,0.01492396679109512
local2048,random32_seed0,32,0,False,0,2,73,64.36900384186666,1.1515092744378195,0.9976791007885336,0.017847669979375355
local2048,random32_seed0,32,0,False,0,3,116,64.31508011021253,1.0525177012988391,0.9968433168413404,0.01631336281629473
local2048,random32_seed0,32,0,False,0,4,127,64.3794251370824,1.1196227241060261,0.9978406243141337,0.017353448491337034
local2048,random32_seed0,32,0,False,0,5,87,64.4260736175812,0.9218495186023443,0.9985636464412356,0.014288088115220062
local2048,random32_seed0,32,0,False,0,6,37,64.27380199592837,0.8409959225944611,0.9962035320150529,0.013034908197152138
local2048,random32_seed0,32,0,False,0,7,13,63.889681005643595,1.1981922693078242,0.9902498981026379,0.018571227057537394
local2048,random32_seed0,32,0,False,0,8,1,64.85921472885633,0.0,1.0052770614176914,0.0
local2048,random32_seed0,32,0,False,20,1,42,5.535711076723857,0.7441608361740366,1.0,0.13442913220363475
local2048,random32_seed0,32,0,False,20,2,73,8.630268812535663,1.0732982348328848,1.5590172053638367,0.19388624513764977
local2048,random32_seed0,32,0,False,20,3,116,10.699669997280232,1.5011202989836823,1.9328447328599578,0.2711702757204003
local2048,random32_seed0,32,0,False,20,4,127,12.581176719261714,1.6939575612188287,2.27273001514875,0.306005414253185
local2048,random32_seed0,32,0,False,20,5,87,14.641818058465187,1.4686386679081478,2.644975118016908,0.26530262283437617
local2048,random32_seed0,32,0,False,20,6,37,16.70637212178608,1.1855029755362443,3.0179270359740746,0.21415550036940303
local2048,random32_seed0,32,0,False,20,7,13,18.515618138772716,0.6034488006033223,3.3447587639871235,0.10901016910739049
local2048,random32_seed0,32,0,False,20,8,1,19.221986836592336,0.0,3.4723609253047014,0.0
local2048,random32_seed1,32,1,False,0,1,56,64.16267913697747,1.1865338273858794,1.0,0.018492585461601624
local2048,random32_seed1,32,1,False,0,2,131,64.22103218259919,1.1794396517612036,1.0009094546301152,0.018382020009533595
local2048,random32_seed1,32,1,False,0,3,192,64.23972590292937,1.11822775598782,1.0012008034419417,0.017428009101686282
local2048,random32_seed1,32,1,False,0,4,106,64.01375825030001,1.0925381349056453,0.9976790107788434,0.01702762648943078
local2048,random32_seed1,32,1,False,0,5,11,63.502674669098724,1.1420691734492463,0.9897135768525229,0.01779958675059537
local2048,random32_seed1,32,1,False,20,1,56,4.290334790866569,0.44263508478388275,1.0,0.10317029004966732
local2048,random32_seed1,32,1,False,20,2,131,5.853216786111141,0.7756913696428016,1.3642797290718887,0.18079972949759618
local2048,random32_seed1,32,1,False,20,3,192,6.90252263454406,0.8936640155644311,1.608854080394476,0.20829703487636855
local2048,random32_seed1,32,1,False,20,4,106,7.979899895999344,0.8882238245297067,1.85997137402593,0.2070290240334139
local2048,random32_seed1,32,1,False,20,5,11,9.309221870969566,0.8161158033622524,2.1698124563116608,0.19022193911291757
local2048,random32_seed2,32,2,False,0,1,54,64.13529573499002,0.9466107391257464,1.0,0.014759591084403592
local2048,random32_seed2,32,2,False,0,2,123,63.93667926391696,0.8000876524939797,0.9969031643372511,0.012474997477207848
local2048,random32_seed2,32,2,False,0,3,167,64.05019395919433,0.9126252362196837,0.9986730898357851,0.014229687814814061
local2048,random32_seed2,32,2,False,0,4,113,64.16663662365988,0.9485844220554844,1.0004886683426137,0.014790364824621354
local2048,random32_seed2,32,2,False,0,5,34,64.19184471994612,0.9439687575818406,1.000881713950299,0.014718397206467445
local2048,random32_seed2,32,2,False,0,6,5,63.31420019226657,0.5200122871912239,0.9871974466896316,0.008108051599854447
local2048,random32_seed2,32,2,False,20,1,54,4.4796538338179,0.5008176493732548,1.0,0.1117982924467224
local2048,random32_seed2,32,2,False,20,2,123,6.245839245393358,0.8898581148080069,1.3942682798929982,0.19864439258459454
local2048,random32_seed2,32,2,False,20,3,167,7.676131994339799,1.1301409333831813,1.71355472523144,0.2522830949238749
local2048,random32_seed2,32,2,False,20,4,113,9.239247972774155,1.2678556414627367,2.062491503924929,0.28302536055161526
local2048,random32_seed2,32,2,False,20,5,34,11.262832307384699,0.9227391737456782,2.514219340422932,0.20598448183199236
local2048,random32_seed2,32,2,False,20,6,5,13.290916193228309,0.4068458289221675,2.9669516186479044,0.09082081875407383
local2048,random64_seed0,64,0,False,0,1,95,64.20293281799646,0.9505843193017223,1.0,0.014805932962540116
local2048,random64_seed0,64,0,False,0,2,191,64.1518934997496,1.0782224889073413,0.9992050313590575,0.01679397562668834
local2048,random64_seed0,64,0,False,0,3,345,64.14976047414233,0.9607276326779983,0.9991718081788434,0.014963921280691102
local2048,random64_seed0,64,0,False,0,4,475,64.21836345349463,1.0430602763802923,1.0002403415984427,0.0162463026313327
local2048,random64_seed0,64,0,False,0,5,493,64.28141713420978,1.0197169563487385,1.0012224412930764,0.015882716125125453
local2048,random64_seed0,64,0,False,0,6,294,64.257651975593,0.9884086462467742,1.0008522843925474,0.015395070020379466
local2048,random64_seed0,64,0,False,0,7,107,64.33602236701556,0.9686126797849547,1.0020729512372337,0.015086735718612639
local2048,random64_seed0,64,0,False,0,8,16,64.02985774996516,0.940337594913031,0.9973042498148499,0.014646333954536248
local2048,random64_seed0,64,0,False,20,1,95,5.199996789082873,0.5536757753362501,1.0,0.10647617638892855
local2048,random64_seed0,64,0,False,20,2,191,7.665515053939282,1.0107013225116768,1.47413842062992,0.19436575896231173
local2048,random64_seed0,64,0,False,20,3,345,9.308211183071345,1.180835622617545,1.790041717451337,0.2270839138009948
local2048,random64_seed0,64,0,False,20,4,475,10.681230290295371,1.1353561035403168,2.054084016497869,0.21833784703943254
local2048,random64_seed0,64,0,False,20,5,493,11.800696616312909,1.1678835887760608,2.2693661352037497,0.22459313652423257
local2048,random64_seed0,64,0,False,20,6,294,13.056821067765325,1.1726444994792469,2.510928678874851,0.22550869684018918
local2048,random64_seed0,64,0,False,20,7,107,14.296353843432685,1.0342275003843135,2.7493005136939983,0.19889002673148207
local2048,random64_seed0,64,0,False,20,8,16,15.054977192644376,0.7550853770320898,2.8951897093958845,0.14520881601645463
local2048,random64_seed1,64,1,False,0,1,100,64.00281244779718,1.1237217773146937,1.0,0.017557381220258694
local2048,random64_seed1,64,1,False,0,2,225,63.91626005631368,1.035794184222153,0.9986476783101665,0.016183572949500947
local2048,random64_seed1,64,1,False,0,3,438,63.99143312835727,1.0567953213500554,0.9998222059468216,0.016511701297689266
local2048,random64_seed1,64,1,False,0,4,565,63.98624902309937,1.08463842724803,0.9997412078615869,0.01694673071019648
local2048,random64_seed1,64,1,False,0,5,444,64.13164203213356,1.0914586898369756,1.0020128738005294,0.017053292630338793
local2048,random64_seed1,64,1,False,0,6,182,64.19112870218501,1.1189133098152722,1.0029423121763816,0.017482252217086474
local2048,random64_seed1,64,1,False,0,7,50,64.35512041610735,0.7977337675660487,1.0055045701092826,0.012464042392148109
local2048,random64_seed1,64,1,False,0,8,11,63.99274143999623,0.8754318919861471,0.9998426474178902,0.013678022238478636
local2048,random64_seed1,64,1,False,0,9,1,64.00844439349645,0.0,1.0000879952846424,0.0
local2048,random64_seed1,64,1,False,20,1,100,4.9338458923313935,0.5205658972692024,1.0,0.10550915221699782
local2048,random64_seed1,64,1,False,20,2,225,7.023245684118831,0.9909426682869358,1.423482986170071,0.20084588978085915
local2048,random64_seed1,64,1,False,20,3,438,8.365226076270048,1.2395078436125853,1.6954777791645255,0.2512254883232439
local2048,random64_seed1,64,1,False,20,4,565,9.594325101367064,1.4356651800117686,1.944593591031975,0.29098297987847627
local2048,random64_seed1,64,1,False,20,5,444,10.986737395618498,1.537831240076286,2.2268100048878763,0.31169016496168134
local2048,random64_seed1,64,1,False,20,6,182,12.664734654202585,1.624905454926039,2.5669092490073924,0.3293385100356715
local2048,random64_seed1,64,1,False,20,7,50,14.985397783641188,1.5037881147183236,3.037265068804192,0.30479024832446433
local2048,random64_seed1,64,1,False,20,8,11,16.74602883293251,0.4098794413264443,3.3941126655294656,0.08307503928396186
local2048,random64_seed1,64,1,False,20,9,1,17.390031980796394,0.0,3.524640282710385,0.0
local2048,random64_seed2,64,2,False,0,1,89,64.00556273692479,0.8667015945728963,1.0,0.013541035458671101
local2048,random64_seed2,64,2,False,0,2,165,64.07591006083338,0.8704122580658628,1.001099081406373,0.013599009536771439
local2048,random64_seed2,64,2,False,0,3,278,64.08251647220226,0.9676291226311161,1.0012022976126898,0.015117891027819855
local2048,random64_seed2,64,2,False,0,4,404,64.10244959058559,0.9676773682432265,1.001513725518812,0.015118644799992888
local2048,random64_seed2,64,2,False,0,5,445,64.03205562566558,0.9406610010635071,1.0004139154099727,0.014696550750280962
local2048,random64_seed2,64,2,False,0,6,337,63.97744013578288,0.9409103476058399,0.9995606225468636,0.01470044645139928
local2048,random64_seed2,64,2,False,0,7,200,64.11680549893246,0.9244569274306298,1.0017380170918098,0.014443384104446143
local2048,random64_seed2,64,2,False,0,8,86,63.98089211749893,0.8964459466163466,0.9996145550734823,0.01400575056735166
local2048,random64_seed2,64,2,False,0,9,12,64.08251839616572,0.9404925811020662,1.0012023276720063,0.014693919417093046
local2048,random64_seed2,64,2,False,20,1,89,5.419155133065019,0.5429692415376393,1.0,0.10019444511280144
local2048,random64_seed2,64,2,False,20,2,165,8.077367934700495,1.0509756701655633,1.4905216286236886,0.19393718104747115
local2048,random64_seed2,64,2,False,20,3,278,9.849546416747494,1.307372680848714,1.8175428041634027,0.24125027771797286
local2048,random64_seed2,64,2,False,20,4,404,11.066400006255677,1.5402494178944919,2.0420895387795683,0.2842231639571725
local2048,random64_seed2,64,2,False,20,5,445,12.210039575741353,1.639385415550851,2.2531260456527065,0.3025167900339533
local2048,random64_seed2,64,2,False,20,6,337,13.49952573691872,1.494952250137114,2.491075712992834,0.2758644499796012
local2048,random64_seed2,64,2,False,20,7,200,14.6985947748486,1.2384329729868655,2.7123406534655197,0.2285287914033973
local2048,random64_seed2,64,2,False,20,8,86,15.694255320412287,1.0937193019885687,2.896070500852367,0.20182468948254156
local2048,random64_seed2,64,2,False,20,9,12,16.819303168319813,1.4185463448750115,3.103676266009935,0.2617652217076679
local2048,random128_seed0,128,0,False,0,1,197,64.08653061309883,0.9650974873209995,1.0,0.015059287467868334
local2048,random128_seed0,128,0,False,0,2,441,64.16817543635847,0.944629629684878,1.001273977893304,0.014739909005025814
local2048,random128_seed0,128,0,False,0,3,928,64.10713910699647,0.9774748496803025,1.0003215729374095,0.01525242262811015
local2048,random128_seed0,128,0,False,0,4,1680,64.1167878699563,0.9916331644159981,1.0004721312976066,0.015473347596278138
local2048,random128_seed0,128,0,False,0,5,2170,64.1628009920611,0.960401472445039,1.0011901155864205,0.014986011307791716
local2048,random128_seed0,128,0,False,0,6,1722,64.1373775457068,0.9685708059719537,1.0007934105984757,0.015113484794790634
local2048,random128_seed0,128,0,False,0,7,795,64.14998885136106,0.9910754385947816,1.0009901961871728,0.015464644896726753
local2048,random128_seed0,128,0,False,0,8,182,64.32720880517911,0.9748766193208922,1.0037555191360459,0.015211880093905948
local2048,random128_seed0,128,0,False,0,9,13,64.12862740179666,0.909409249049872,1.0006568742026616,0.014190333605982335
local2048,random128_seed0,128,0,False,20,1,197,5.072819238551488,0.44048452298523844,1.0,0.08683229231542973
local2048,random128_seed0,128,0,False,20,2,441,7.304275411718582,0.8075707912956319,1.4398848191177167,0.15919565695509166
local2048,random128_seed0,128,0,False,20,3,928,8.57638620748389,1.0356685367951166,1.6906548024235977,0.2041603471545825
local2048,random128_seed0,128,0,False,20,4,1680,9.380897377918172,1.2163724149206943,1.8492473192474388,0.23978232965147442
local2048,random128_seed0,128,0,False,20,5,2170,10.190225277777147,1.3181162056207494,2.008789353331443,0.2598389857071133
local2048,random128_seed0,128,0,False,20,6,1722,11.17853442070995,1.3231283911175942,2.2036137885137634,0.26082703303565874
local2048,random128_seed0,128,0,False,20,7,795,12.313092188985792,1.3020812743859285,2.427268075197909,0.2566780350639361
local2048,random128_seed0,128,0,False,20,8,182,13.550575172793332,1.3837774150664073,2.6712119110837103,0.27278271706396073
local2048,random128_seed0,128,0,False,20,9,13,14.756395243943416,1.4095136470401168,2.9089140673100373,0.2778560758341933
local2048,random128_seed1,128,1,False,0,1,200,63.83837867559505,0.9983813776831935,1.0,0.015639203225329835
local2048,random128_seed1,128,1,False,0,2,473,63.89439010335813,1.0056890659884583,1.0008773942716764,0.01575367493430603
local2048,random128_seed1,128,1,False,0,3,1043,63.89866309842103,0.9661686035607085,1.0009443288516509,0.01513460434937499
local2048,random128_seed1,128,1,False,0,4,1865,63.921142285065685,1.0120673999295344,1.0012964553797834,0.015853588717729142
local2048,random128_seed1,128,1,False,0,5,2253,63.94579090471325,1.0317576020616233,1.0016825651175139,0.01616202703556531
local2048,random128_seed1,128,1,False,0,6,1578,63.963390067700175,1.0283295006831992,1.0019582482309017,0.016108327341908545
local2048,random128_seed1,128,1,False,0,7,547,64.1265942750851,1.066585673678555,1.0045147700406782,0.016707593391407715
local2048,random128_seed1,128,1,False,0,8,135,64.41945819813724,1.009075223476587,1.0091023540164614,0.01580671759545092
local2048,random128_seed1,128,1,False,0,9,31,64.59374679521139,1.082855557492979,1.011832507893956,0.016962453933795578
local2048,random128_seed1,128,1,False,0,10,3,65.7186896414891,0.30864192134320567,1.0294542406136151,0.004834739348748486
local2048,random128_seed1,128,1,False,20,1,200,4.986806988397164,0.42896005565856804,1.0,0.08601898101463165
local2048,random128_seed1,128,1,False,20,2,473,7.031190629963048,0.8756723856127927,1.4099584456191236,0.17559780991127696
local2048,random128_seed1,128,1,False,20,3,1043,8.149506014106036,1.1575926976245974,1.6342132416729873,0.23213104102845283
local2048,random128_seed1,128,1,False,20,4,1865,8.937369839182827,1.353915200396888,1.7922028785107311,0.27149941907658576
local2048,random128_seed1,128,1,False,20,5,2253,9.772711764127433,1.558913594337029,1.9597132567724527,0.3126075659162593
local2048,random128_seed1,128,1,False,20,6,1578,10.927558521532335,1.8673472172849257,2.1912936568344348,0.3744574878533889
local2048,random128_seed1,128,1,False,20,7,547,12.994290394849683,2.2089618381121534,2.605733573624081,0.44296116598291435
local2048,random128_seed1,128,1,False,20,8,135,15.652685077329059,1.6392295876589655,3.138819110855556,0.32871326110534693
local2048,random128_seed1,128,1,False,20,9,31,17.389535435362944,0.7891746901657707,3.4871081788052534,0.15825250345600875
local2048,random128_seed1,128,1,False,20,10,3,18.506648736791828,0.5926462963902138,3.7111219222743865,0.11884283826687654
local2048,random128_seed2,128,2,False,0,1,178,64.05854299468866,0.9484253401836896,1.0,0.014805602747822834
local2048,random128_seed2,128,2,False,0,2,350,63.994933447419584,0.9314252913646319,0.9990070091467058,0.014540219739962864
local2048,random128_seed2,128,2,False,0,3,694,64.02189957532974,0.9576860288386041,0.9994279698281311,0.014950168768559246
local2048,random128_seed2,128,2,False,0,4,1248,63.98457049500642,0.909650099423505,0.9988452359946998,0.014200293308246608
local2048,random128_seed2,128,2,False,0,5,1759,63.94222959030838,0.9234694367373555,0.9981842639725675,0.014416023118320437
local2048,random128_seed2,128,2,False,0,6,1764,63.910649181379746,0.9233484858693254,0.9976912710405983,0.014414134988144886
local2048,random128_seed2,128,2,False,0,7,1217,63.94406016056987,0.9025280923396031,0.9982128404929802,0.014089113647408981
local2048,random128_seed2,128,2,False,0,8,594,63.942329507450204,0.9136259323395504,0.9981858237511256,0.01426235892401272
local2048,random128_seed2,128,2,False,0,9,239,64.10141898540904,0.9032504938053458,1.000669325100384,0.014100390854663018
local2048,random128_seed2,128,2,False,0,10,75,64.29621745301792,0.9507681264724276,1.0037102695006497,0.014842175329389858
local2048,random128_seed2,128,2,False,0,11,10,64.58777592141645,0.9825080116134143,1.0082617072132232,0.015337657799910899
local2048,random128_seed2,128,2,False,20,1,178,5.523277152442499,0.5383409475909615,1.0,0.09746766869247125
local2048,random128_seed2,128,2,False,20,2,350,8.335788000151531,0.8609943853759677,1.509210523043423,0.15588469700370178
local2048,random128_seed2,128,2,False,20,3,694,9.983515854761269,1.174421713921115,1.8075348347034093,0.21263132041124594
local2048,random128_seed2,128,2,False,20,4,1248,10.980834384351311,1.381956447313782,1.9881012814096024,0.2502058848708424
local2048,random128_seed2,128,2,False,20,5,1759,11.857823288865816,1.4449548358126862,2.1468818170064234,0.26161186482805765
local2048,random128_seed2,128,2,False,20,6,1764,12.762290737859956,1.4245182126418314,2.31063739617271,0.2579117747172767
local2048,random128_seed2,128,2,False,20,7,1217,13.840258806571738,1.410302069910911,2.5058055977602556,0.255337914608766
local2048,random128_seed2,128,2,False,20,8,594,15.210961364547613,1.3373190644242812,2.753973944222776,0.24212420045459662
local2048,random128_seed2,128,2,False,20,9,239,16.54909244721939,1.031383455582041,2.9962451621499864,0.18673396737405137
local2048,random128_seed2,128,2,False,20,10,75,17.556588827416892,0.8376811234666066,3.178654328373334,0.15166378589134677
local2048,random128_seed2,128,2,False,20,11,10,18.56083372284156,0.40842085237721903,3.360474806996351,0.07394538443478389
local2048,random256_seed0,256,0,False,0,1,369,64.12711483952604,0.8903241385701286,1.0,0.013883739207636383
local2048,random256_seed0,256,0,False,0,2,767,64.11402066177493,1.003750822002213,0.9997958090304876,0.015652518041923993
local2048,random256_seed0,256,0,False,0,3,1592,64.05465085865642,0.98956216015375,0.9988699946808621,0.01543125965716788
local2048,random256_seed0,256,0,False,0,4,3057,64.08224968716138,0.9856777052016588,0.9993003715748489,0.015370685359356233
local2048,random256_seed0,256,0,False,0,5,5250,64.08329096830532,0.9805563766859842,0.9993166093417677,0.015290823221031587
local2048,random256_seed0,256,0,False,0,6,7311,64.0988603714423,0.9847366842339917,0.999559399044313,0.015356011052395412
local2048,random256_seed0,256,0,False,0,7,7292,64.10431705909353,0.9973965164243773,0.9996444907822601,0.015553428825237149
local2048,random256_seed0,256,0,False,0,8,4654,64.13289144194039,1.0003997579924089,1.0000900804975992,0.015600261457198637
local2048,random256_seed0,256,0,False,0,9,1837,64.12697238081023,0.9785669254500677,0.9999977784948508,0.015259799663510017
local2048,random256_seed0,256,0,False,0,10,435,64.13055534029168,1.0425758696951315,1.000053651263966,0.0162579569079961
local2048,random256_seed0,256,0,False,0,11,71,64.17353302393524,1.0406887743058413,1.0007238464497483,0.016228529490373886
local2048,random256_seed0,256,0,False,0,12,5,64.56916331409111,0.5896751924975934,1.006893316121757,0.009195411238650256
local2048,random256_seed0,256,0,False,20,1,369,5.408186565573713,0.41742072061672336,1.0,0.0771831214688213
local2048,random256_seed0,256,0,False,20,2,767,7.9710617885899016,0.7971013528907962,1.4738880939001617,0.14738791704502485
local2048,random256_seed0,256,0,False,20,3,1592,9.42991315933928,1.1269825568922656,1.74363680782875,0.20838455612204138
local2048,random256_seed0,256,0,False,20,4,3057,10.318659196043054,1.3315260879207582,1.9079702726469139,0.24620564985622068
local2048,random256_seed0,256,0,False,20,5,5250,10.952664963270522,1.4378198615763356,2.025201022647901,0.2658598855906533
local2048,random256_seed0,256,0,False,20,6,7311,11.5514309861033,1.489210689271772,2.1359157725132762,0.27536229958327874
local2048,random256_seed0,256,0,False,20,7,7292,12.286122696616733,1.5149440037998727,2.2717638431383134,0.2801205145997333
local2048,random256_seed0,256,0,False,20,8,4654,13.224426130284915,1.5664492808504347,2.445260711689601,0.2896440908347736
local2048,random256_seed0,256,0,False,20,9,1837,14.4709573349954,1.6670543559859925,2.675750394247039,0.30824645854449134
local2048,random256_seed0,256,0,False,20,10,435,16.119455145134673,1.6155613678870757,2.9805656572102155,0.29872515459638055
local2048,random256_seed0,256,0,False,20,11,71,17.820973695257845,1.3219696038786037,3.295184712875628,0.24443860947655124
local2048,random256_seed0,256,0,False,20,12,5,19.657276147885177,0.574892195600357,3.6347259676682193,0.10630036309395903
local2048,random256_seed1,256,1,False,0,1,398,64.01506345212277,0.9656901426316419,1.0,0.015085357891645097
local2048,random256_seed1,256,1,False,0,2,919,63.97522756256649,1.028270022829531,0.9993777106917018,0.016062938430086535
local2048,random256_seed1,256,1,False,0,3,2095,63.98238479592778,1.0125345494112044,0.9994895161477199,0.015817129513094753
local2048,random256_seed1,256,1,False,0,4,4282,63.95680035775152,0.9865821754906954,0.9990898533684212,0.015411719090594446
local2048,random256_seed1,256,1,False,0,5,7253,63.98633467434398,0.9922319216117745,0.9995512184753159,0.015499975601115672
local2048,random256_seed1,256,1,False,0,6,8748,63.99070562966766,0.9968273742241522,0.9996194985814029,0.015571762651921528
local2048,random256_seed1,256,1,False,0,7,6158,64.0302116624382,1.0073511080408952,1.0002366350902199,0.0157361572998252
local2048,random256_seed1,256,1,False,0,8,2276,64.0293855355321,1.035512010454576,1.000223729894762,0.01617606785985679
local2048,random256_seed1,256,1,False,0,9,466,64.02418770179186,1.0113273472520319,1.0001425328536293,0.0157982714179204
local2048,random256_seed1,256,1,False,0,10,45,63.795848449768656,0.9421623349328964,0.9965755715837402,0.014717822401871786
local2048,random256_seed1,256,1,False,20,1,398,5.075488983024923,0.41327452509056806,1.0,0.08142555849747152
local2048,random256_seed1,256,1,False,20,2,919,7.290116153247964,0.7463412042175445,1.4363376962554557,0.1470481379653661
local2048,random256_seed1,256,1,False,20,3,2095,8.47073683339128,1.0005440300580948,1.6689499005360535,0.19713253903307343
local2048,random256_seed1,256,1,False,20,4,4282,9.153262335725747,1.1610012443834954,1.80342472741819,0.2287466780573237
local2048,random256_seed1,256,1,False,20,5,7253,9.67547318826889,1.2579318540233118,1.9063135041034882,0.24784446547524597
local2048,random256_seed1,256,1,False,20,6,8748,10.2481704662699,1.346488400240257,2.0191493865015007,0.26529235010530317
local2048,random256_seed1,256,1,False,20,7,6158,11.049259686900962,1.4925911078524539,2.1769842716347996,0.2940782874013628
local2048,random256_seed1,256,1,False,20,8,2276,12.325068761282852,1.708051635055809,2.428351002731815,0.33652947346914214
local2048,random256_seed1,256,1,False,20,9,466,14.042526959607645,1.7184049844149771,2.76673380763374,0.33856934576396835
local2048,random256_seed1,256,1,False,20,10,45,15.410325159746314,1.39467031770062,3.036224728550582,0.27478540932019035
local2048,random256_seed2,256,2,False,0,1,381,63.916450384583825,1.0002249465538255,1.0,0.01564894390310311
local2048,random256_seed2,256,2,False,0,2,826,63.93185576876053,0.9927995106238068,1.0002410237753194,0.015532769805741007
local2048,random256_seed2,256,2,False,0,3,1765,63.940729615176984,0.9599755922430542,1.000379858869619,0.015019225668304527
local2048,random256_seed2,256,2,False,0,4,3488,63.954185356433875,0.9717826213855199,1.000590379653798,0.015203951651543944
local2048,random256_seed2,256,2,False,0,5,5962,63.953404798948995,0.9792832859193298,1.0005781675005858,0.015321302732348316
local2048,random256_seed2,256,2,False,0,6,7914,63.93959588311414,0.9705285232296454,1.0003621211502054,0.015184330753507077
local2048,random256_seed2,256,2,False,0,7,6860,63.963077742862026,0.9773274789033866,1.0007295048144516,0.015290703301307088
local2048,random256_seed2,256,2,False,0,8,3527,63.99385933789736,0.9925253460770552,1.0012110959361442,0.015528480385019082
local2048,random256_seed2,256,2,False,0,9,1219,64.0612474385791,0.9816532276479742,1.002265411378824,0.015358381476777717
local2048,random256_seed2,256,2,False,0,10,435,64.18190463526422,0.9108261373550253,1.0041531444422078,0.01425026158171496
local2048,random256_seed2,256,2,False,0,11,196,64.11725857333172,0.8532402198147011,1.003141729359807,0.013349305455493447
local2048,random256_seed2,256,2,False,0,12,56,64.21067492131097,0.7838922120594101,1.004603267780936,0.012264326434630655
local2048,random256_seed2,256,2,False,0,13,11,64.6382138591891,0.689756489938429,1.0112922959623452,0.010791533099666515
local2048,random256_seed2,256,2,False,20,1,381,5.259976411202085,0.4718358477277029,1.0,0.08970303492670459
local2048,random256_seed2,256,2,False,20,2,826,7.658513978853242,0.8920727236796097,1.4559977802453699,0.16959633540937125
local2048,random256_seed2,256,2,False,20,3,1765,9.030165691762333,1.174823794748108,1.7167692373165284,0.22335153295480661
local2048,random256_seed2,256,2,False,20,4,3488,9.835533609697933,1.3666422906093758,1.8698816954295383,0.25981909114627594
local2048,random256_seed2,256,2,False,20,5,5962,10.431302039645217,1.492293085018631,1.98314616343713,0.28370718200190387
local2048,random256_seed2,256,2,False,20,6,7914,11.037882691115,1.6170654275536565,2.0984661960855573,0.3074282660488399
local2048,random256_seed2,256,2,False,20,7,6860,11.880410171394534,1.8334374132325078,2.2586432414588438,0.34856380901782497
local2048,random256_seed2,256,2,False,20,8,3527,13.279053658030017,2.2544376254790954,2.5245462374602736,0.42860223111986906
local2048,random256_seed2,256,2,False,20,9,1219,15.660737845304867,2.723546110880903,2.9773399386264265,0.5177867537733842
local2048,random256_seed2,256,2,False,20,10,435,18.6579996683378,2.1635429596750266,3.547164133398425,0.4113217989090911
local2048,random256_seed2,256,2,False,20,11,196,20.128630127920395,1.3180207417118184,3.8267529270764,0.25057540921758725
local2048,random256_seed2,256,2,False,20,12,56,20.933428905010008,1.168802012241111,3.9797571830224236,0.22220670224906952
local2048,random256_seed2,256,2,False,20,13,11,22.242235930243904,0.8672930744176364,4.22858092725948,0.16488535434694662
local2048,random512_seed0,512,0,False,0,1,767,64.11810841558196,0.9485482460035219,1.0,0.014793765278530989
local2048,random512_seed0,512,0,False,0,2,1709,64.08927645749549,1.0143205348511748,0.9995503304947864,0.015819564237248694
local2048,random512_seed0,512,0,False,0,3,3863,64.09870180466575,0.9871375739588304,0.9996973302644797,0.015395612851843531
local2048,random512_seed0,512,0,False,0,4,8304,64.0973817058362,0.994062002366361,0.9996767417152824,0.015503607747180272
local2048,random512_seed0,512,0,False,0,5,16348,64.08969179963874,0.9869640240045595,0.9995568082614192,0.01539290612891362
local2048,random512_seed0,512,0,False,0,6,27065,64.10409976054143,0.9887654275016377,0.9997815179613576,0.01542100121065562
local2048,random512_seed0,512,0,False,0,7,33193,64.100064584767,0.9921392006581432,0.9997185844800971,0.015473619312466085
local2048,random512_seed0,512,0,False,0,8,25781,64.09370140120069,1.0012477954173733,0.9996193428816853,0.015615678942488116
local2048,random512_seed0,512,0,False,0,9,11031,64.0427237428043,1.0105945461223942,0.9988242842055001,0.015761452904571337
local2048,random512_seed0,512,0,False,0,10,2456,63.99209876302326,1.0285070278580366,0.9980347259819026,0.016040819875592107
local2048,random512_seed0,512,0,False,0,11,288,63.86923641546009,1.005576853254423,0.9961185380187949,0.015683195872479107
local2048,random512_seed0,512,0,False,0,12,11,63.90622473967156,0.8490150250950355,0.9966954159886148,0.013241423461717534
local2048,random512_seed0,512,0,False,20,1,767,5.2628726077882435,0.39904570991940364,1.0,0.07582279482290284
local2048,random512_seed0,512,0,False,20,2,1709,7.635502043899517,0.7884280531785924,1.4508240295613741,0.14980945045332086
local2048,random512_seed0,512,0,False,20,3,3863,8.921650794136882,1.1099174442883877,1.6952055386889298,0.21089574591752044
local2048,random512_seed0,512,0,False,20,4,8304,9.64403066461695,1.3098128366955029,1.8324651541717476,0.24887792928089897
local2048,random512_seed0,512,0,False,20,5,16348,10.110625621471785,1.428444749379703,1.9211230016302525,0.2714192145304494
local2048,random512_seed0,512,0,False,20,6,27065,10.534790776441058,1.5092999813243182,2.001718749728273,0.2867825413616864
local2048,random512_seed0,512,0,False,20,7,33193,11.077030850704041,1.5658251867639241,2.1047499485949435,0.29752291257188007
local2048,random512_seed0,512,0,False,20,8,25781,11.880764246181647,1.6013224436274793,2.257467571721181,0.3042677569770106
local2048,random512_seed0,512,0,False,20,9,11031,12.997224418957325,1.5787251282817196,2.4696065034375767,0.29997403432213976
local2048,random512_seed0,512,0,False,20,10,2456,14.33522296147768,1.4805799622088704,2.7238400071215385,0.28132544193029474
local2048,random512_seed0,512,0,False,20,11,288,15.742029393227686,1.339886895495733,2.9911477184402866,0.25459231019821876
local2048,random512_seed0,512,0,False,20,12,11,17.08177056154925,0.7647349362008323,3.245712338974508,0.14530751420225183
local2048,random512_seed1,512,1,False,0,1,758,64.01622838564114,1.016426979943986,1.0,0.015877645490467083
local2048,random512_seed1,512,1,False,0,2,1663,64.02581221940059,1.0715060985136065,1.000149709440889,0.016738038549517945
local2048,random512_seed1,512,1,False,0,3,3651,64.02977497166263,1.0335717423553608,1.0002116117485067,0.016145464492675284
local2048,random512_seed1,512,1,False,0,4,7625,64.01774562443309,1.0225044476437912,1.0000237008463355,0.015972581850403723
local2048,random512_seed1,512,1,False,0,5,14715,64.01509239548119,1.0104971971791799,0.9999822546534122,0.015785016122659215
local2048,random512_seed1,512,1,False,0,6,24619,64.01372849954318,1.0132661242510173,0.9999609491817777,0.015828269640425944
local2048,random512_seed1,512,1,False,0,7,31380,63.994199136106154,1.0073161004437683,0.9996558802339576,0.015735324086504753
local2048,random512_seed1,512,1,False,0,8,26684,63.986095862167026,1.0060953302465545,0.9995292986757578,0.01571625438764871
local2048,random512_seed1,512,1,False,0,9,13598,63.98849110956375,0.9985363812909739,0.9995667149287475,0.015598175751243505
local2048,random512_seed1,512,1,False,0,10,4537,64.0088637544005,0.9922756692260875,0.9998849568081974,0.015500376923934106
local2048,random512_seed1,512,1,False,0,11,1268,63.93566884766902,1.0055797056766531,0.9987415763158238,0.015708199796134897
local2048,random512_seed1,512,1,False,0,12,275,63.77010895177246,0.942892283644328,0.9961553587258213,0.014728957131998408
local2048,random512_seed1,512,1,False,0,13,32,63.70002844938523,0.6178882139931291,0.9950606284651591,0.00965205588606219
local2048,random512_seed1,512,1,False,0,14,9,63.30302150017883,0.6344555577515697,0.9888589674298544,0.00991085500897579
local2048,random512_seed1,512,1,False,0,15,2,63.140175484308564,0.6866746635757579,0.9863151434655736,0.010726571697400706
local2048,random512_seed1,512,1,False,20,1,758,5.309947925467212,0.4060035779120011,1.0,0.07646093400742299
local2048,random512_seed1,512,1,False,20,2,1663,7.736711850244367,0.797624076518389,1.45702217024353,0.1502131636155749
local2048,random512_seed1,512,1,False,20,3,3651,9.081490583332767,1.1003502437092172,1.7102786525978415,0.2072243003423427
local2048,random512_seed1,512,1,False,20,4,7625,9.818486318781448,1.2966512478055106,1.8490739375598562,0.24419283691777838
local2048,random512_seed1,512,1,False,20,5,14715,10.285803621676756,1.4093475185026803,1.9370818256700186,0.2654164481996637
local2048,random512_seed1,512,1,False,20,6,24619,10.691582000366665,1.4900206856536387,2.0135003488618834,0.2806092840397365
local2048,random512_seed1,512,1,False,20,7,31380,11.189887578527504,1.5897155905323308,2.1073441275872637,0.2993844031704802
local2048,random512_seed1,512,1,False,20,8,26684,11.931781202105428,1.7486808177574447,2.2470618110733307,0.32932165104115996
local2048,random512_seed1,512,1,False,20,9,13598,13.106165715825295,1.9776649747082269,2.4682286718795097,0.37244526734868416
local2048,random512_seed1,512,1,False,20,10,4537,14.934546489451003,2.1358915917048726,2.8125598780023706,0.40224341588377055
local2048,random512_seed1,512,1,False,20,11,1268,17.00206560448828,1.8226192468533204,3.2019269949793903,0.34324616219149673
local2048,random512_seed1,512,1,False,20,12,275,18.49957607716035,1.443329666823314,3.483946798881762,0.27181616224537986
local2048,random512_seed1,512,1,False,20,13,32,20.352638017295373,1.5954983444415554,3.832926104544534,0.3004734447186072
local2048,random512_seed1,512,1,False,20,14,9,22.000725530658332,1.2652567595655402,4.143303444679739,0.23828044593379183
local2048,random512_seed1,512,1,False,20,15,2,22.43152921158893,1.197960222436782,4.224434877036053,0.22560677416273828
local2048,random512_seed2,512,2,False,0,1,753,63.96577204505867,0.9960900580760456,1.0,0.01557223537260492
local2048,random512_seed2,512,2,False,0,2,1631,63.96800729452867,0.9662805751259552,1.000034944461679,0.015106212967230182
local2048,random512_seed2,512,2,False,0,3,3537,63.96967669052183,0.9742287993327702,1.000061042731735,0.015230470424815718
local2048,random512_seed2,512,2,False,0,4,7369,63.984369098767765,0.9915032482093329,1.0002907344524192,0.015500528118552211
local2048,random512_seed2,512,2,False,0,5,14245,63.985247006043515,0.9830011771318162,1.000304459093703,0.015367612172950434
local2048,random512_seed2,512,2,False,0,6,23887,63.986398933436924,0.982800030668553,1.0003224675903815,0.015364467577695311
local2048,random512_seed2,512,2,False,0,7,31244,63.97959891404536,0.9858365026162103,1.0002161604330664,0.015411937839533443
local2048,random512_seed2,512,2,False,0,8,27283,63.97716337906259,0.9751833699489162,1.000178084835682,0.015245393571768023
local2048,random512_seed2,512,2,False,0,9,14702,63.987231512267805,0.9681532649224407,1.000335483595727,0.015135489402683291
local2048,random512_seed2,512,2,False,0,10,4949,63.98167989686069,0.9703940920899972,1.0002486931884573,0.015170521062521276
local2048,random512_seed2,512,2,False,0,11,1060,63.939655496071055,0.9600300650867323,0.999591710564062,0.015008496487941541
local2048,random512_seed2,512,2,False,0,12,141,63.839221752592664,0.8532826637262926,0.9980215936051414,0.013339675836715055
local2048,random512_seed2,512,2,False,0,13,15,63.99908167137497,1.1759789755266798,1.0005207414098407,0.01838450374206847
local2048,random512_seed2,512,2,False,20,1,753,5.334061223222868,0.4301634775024347,1.0,0.08064464570253427
local2048,random512_seed2,512,2,False,20,2,1631,7.779779522898032,0.8550917231043226,1.4585096040943917,0.16030781937438499
local2048,random512_seed2,512,2,False,20,3,3537,9.141580972132736,1.1853178821157089,1.7138125322471167,0.22221677489474587
local2048,random512_seed2,512,2,False,20,4,7369,9.916468905747253,1.3881782194720964,1.8590841932173532,0.26024789768598716
local2048,random512_seed2,512,2,False,20,5,14245,10.41574695451228,1.5198256931889864,1.9526860526394616,0.2849284306247051
local2048,random512_seed2,512,2,False,20,6,23887,10.845903362289015,1.6156323957199688,2.033329372949316,0.3028897360019042
local2048,random512_seed2,512,2,False,20,7,31244,11.386418328105712,1.682827773970034,2.1346620992148977,0.3154871501368446
local2048,random512_seed2,512,2,False,20,8,27283,12.202663523414971,1.7844969626560525,2.2876871885699988,0.334547521668274
local2048,random512_seed2,512,2,False,20,9,14702,13.381736621234722,1.950042804771232,2.50873322619072,0.36558313134490156
local2048,random512_seed2,512,2,False,20,10,4949,14.985805643829421,2.0932104772833773,2.8094551255965747,0.3924234067974661
local2048,random512_seed2,512,2,False,20,11,1060,16.916859344362237,2.0747785716708282,3.1714782857593415,0.38896789610098176
local2048,random512_seed2,512,2,False,20,12,141,19.031175864586345,1.6814497239507482,3.5678585355808137,0.3152288010175495
local2048,random512_seed2,512,2,False,20,13,15,20.96113942844993,1.4717897392027803,3.929677323010758,0.27592291831879595
gradient1000,official32,32,0,True,0,1,48,44.64940660559412,0.9452428596395204,1.0,0.021170334199269985
gradient1000,official32,32,0,True,0,2,87,44.563580079119085,1.030313580520591,0.998077767813732,0.02307563882364123
gradient1000,official32,32,0,True,0,3,102,44.54954577971774,0.989526222508576,0.9977634456207113,0.022162136022309382
gradient1000,official32,32,0,True,0,4,103,44.643489327668675,1.0960057481340322,0.999867472417322,0.024546927528410055
gradient1000,official32,32,0,True,0,5,83,44.62806622699476,0.9539926493268518,0.9995220456390861,0.02136630073841398
gradient1000,official32,32,0,True,0,6,52,44.87355608431296,1.117771074501226,1.0050202118182407,0.02503439932304006
gradient1000,official32,32,0,True,0,7,20,45.10380354832092,1.096348853919998,1.0101769984703417,0.024554611970646803
gradient1000,official32,32,0,True,0,8,1,45.47683802975362,0.0,1.0185317451465488,0.0
gradient1000,official32,32,0,True,20,1,48,2.002030026327622,0.15359873886077002,1.0,0.07672149610189433
gradient1000,official32,32,0,True,20,2,87,2.635794716963169,0.27971725321962976,1.316561031703445,0.13971681220621987
gradient1000,official32,32,0,True,20,3,102,3.2282297306705168,0.32937389119270133,1.6124781787574618,0.1645199556756303
gradient1000,official32,32,0,True,20,4,103,3.772391151653412,0.4138838261901524,1.8842830037735305,0.20673207731521928
gradient1000,official32,32,0,True,20,5,83,4.298958602494501,0.3443233962753417,2.1472997637204263,0.17198712893779294
gradient1000,official32,32,0,True,20,6,52,4.792443686316313,0.25755416868087083,2.3937921126523873,0.12864650644291756
gradient1000,official32,32,0,True,20,7,20,5.195509345903053,0.24847697695670182,2.5951205913895894,0.12411251264422338
gradient1000,official32,32,0,True,20,8,1,5.532080558634811,0.0,2.763235558850462,0.0
gradient1000,random32_seed0,32,0,False,0,1,42,44.91674124741716,0.8830547573624067,1.0,0.019659813531400942
gradient1000,random32_seed0,32,0,False,0,2,73,44.6627353920665,1.0140901410877003,0.9943449625173941,0.022577108510649434
gradient1000,random32_seed0,32,0,False,0,3,116,44.614256414096246,0.9587894593008723,0.9932656549669372,0.021345926544838235
gradient1000,random32_seed0,32,0,False,0,4,127,44.54083528448258,1.0040371026301775,0.9916310499716808,0.02235329355483714
gradient1000,random32_seed0,32,0,False,0,5,87,44.635335490463575,1.0848011667985653,0.9937349471680614,0.02415137734109205
gradient1000,random32_seed0,32,0,False,0,6,37,44.63761149842997,1.3102356818868979,0.9937856188753845,0.029170319250670044
gradient1000,random32_seed0,32,0,False,0,7,13,45.19502142176031,0.9785997728518999,1.0061954666927035,0.02178697175428265
gradient1000,random32_seed0,32,0,False,0,8,1,46.41964368202075,0.0,1.0334597389050348,0.0
gradient1000,random32_seed0,32,0,False,20,1,42,2.176527638935523,0.1910403086707858,1.0,0.08777297620912278
gradient1000,random32_seed0,32,0,False,20,2,73,2.9116327641471678,0.2926162276613825,1.3377421504149443,0.1344417697376417
gradient1000,random32_seed0,32,0,False,20,3,116,3.419161830397902,0.40706170137332864,1.570925068550986,0.18702344693054798
gradient1000,random32_seed0,32,0,False,20,4,127,3.889690239774364,0.4458227806809583,1.7871081304883865,0.2048321246676185
gradient1000,random32_seed0,32,0,False,20,5,87,4.4073575498657585,0.3834116339448694,2.02494903856184,0.17615748455755195
gradient1000,random32_seed0,32,0,False,20,6,37,4.906349619033889,0.3095921609512021,2.25420965544616,0.14224131842525775
gradient1000,random32_seed0,32,0,False,20,7,13,5.393438659471988,0.22106567761276283,2.478001456535495,0.10156805439000982
gradient1000,random32_seed0,32,0,False,20,8,1,5.676796036690048,0.0,2.6081892713599566,0.0
gradient1000,random32_seed1,32,1,False,0,1,56,45.16959261517867,1.2267947486859467,1.0,0.027159747911334887
gradient1000,random32_seed1,32,1,False,0,2,131,44.88094802480373,1.1216808891703531,0.9936097588297056,0.024832654540998148
gradient1000,random32_seed1,32,1,False,0,3,192,44.93975061857996,1.1123253412616843,0.9949115769416641,0.024625534056463935
gradient1000,random32_seed1,32,1,False,0,4,106,44.89371645341615,1.2431180597127707,0.9938924363539683,0.02752112622098426
gradient1000,random32_seed1,32,1,False,0,5,11,45.22930449743718,1.1851493863146167,1.0013219486561948,0.02623777009483947
gradient1000,random32_seed1,32,1,False,20,1,56,1.7856658851807772,0.15165060725063828,1.0,0.0849266419374336
gradient1000,random32_seed1,32,1,False,20,2,131,2.157838517115715,0.24239939820631048,1.2084223230244777,0.13574734233205696
gradient1000,random32_seed1,32,1,False,20,3,192,2.397350795075534,0.2980801202200194,1.3425528341954247,0.16692939182731958
gradient1000,random32_seed1,32,1,False,20,4,106,2.6419698124463427,0.32134840577608303,1.4795431969507975,0.17995998492380358
gradient1000,random32_seed1,32,1,False,20,5,11,2.9572153803385888,0.32931382327924524,1.6560855000257824,0.18442073963120273
gradient1000,random32_seed2,32,2,False,0,1,54,44.54702723633985,0.8929307850756029,1.0,0.0200446772876279
gradient1000,random32_seed2,32,2,False,0,2,123,44.727000441860326,0.9027783570939448,1.0040400721818237,0.020265737426301052
gradient1000,random32_seed2,32,2,False,0,3,167,44.70240184495922,0.8754060628100155,1.0034878782773773,0.019651279044180327
gradient1000,random32_seed2,32,2,False,0,4,113,44.76472922867925,0.9572515242210463,1.0048870150455698,0.021488561271270537
gradient1000,random32_seed2,32,2,False,0,5,34,44.59107123040582,0.7056499201736193,1.0009887078172983,0.015840561401097842
gradient1000,random32_seed2,32,2,False,0,6,5,44.04889370507582,0.4604778631694213,0.9888178053134448,0.010336893205609467
gradient1000,random32_seed2,32,2,False,20,1,54,1.836715028084588,0.16060384830535607,1.0,0.08744080918902332
gradient1000,random32_seed2,32,2,False,20,2,123,2.244152429695605,0.24879483233777086,1.2218294048782905,0.13545641459536906
gradient1000,random32_seed2,32,2,False,20,3,167,2.550131358552263,0.3008755598975649,1.388419716482452,0.16381178097689544
gradient1000,random32_seed2,32,2,False,20,4,113,2.8950839299646822,0.3282446118253906,1.5762292384484982,0.17871286879364154
gradient1000,random32_seed2,32,2,False,20,5,34,3.3847405188882242,0.22904038786119058,1.8428229023736955,0.12470110189060986
gradient1000,random32_seed2,32,2,False,20,6,5,3.956910105453976,0.13593586569277386,2.1543407904602523,0.07401031930061253
gradient1000,random64_seed0,64,0,False,0,1,95,45.078078778046724,0.9575479907290589,1.0,0.021241987606521292
gradient1000,random64_seed0,64,0,False,0,2,191,45.07555311831349,0.9858904339453693,0.9999439714424019,0.021870728759307807
gradient1000,random64_seed0,64,0,False,0,3,345,44.9689661088953,0.9338496074757392,0.9975794738349727,0.0207162690334205
gradient1000,random64_seed0,64,0,False,0,4,475,44.9283073863672,0.9690190297507528,0.996677511647802,0.02149645805718478
gradient1000,random64_seed0,64,0,False,0,5,493,44.964128803536916,1.041411379704221,0.9974721643513055,0.023102390517392553
gradient1000,random64_seed0,64,0,False,0,6,294,44.934444402806264,1.0161485262975918,0.9968136535732217,0.022541966158337295
gradient1000,random64_seed0,64,0,False,0,7,107,44.768054688441346,1.00726987047516,0.9931225088111705,0.022345004440732865
gradient1000,random64_seed0,64,0,False,0,8,16,44.8791634406857,1.0272981996591157,0.9955873155477537,0.022789307519454793
gradient1000,random64_seed0,64,0,False,20,1,95,2.0265099364138317,0.17446274422641864,1.0,0.08609024860502425
gradient1000,random64_seed0,64,0,False,20,2,191,2.6030958836338165,0.3023719637876312,1.2845216482088053,0.14920823152869264
gradient1000,random64_seed0,64,0,False,20,3,345,2.9560437032432625,0.3560274079666332,1.4586870017890756,0.17568500482986488
gradient1000,random64_seed0,64,0,False,20,4,475,3.2700202644341148,0.357793019039112,1.613621628828938,0.1765562618815837
gradient1000,random64_seed0,64,0,False,20,5,493,3.5411689126004533,0.38099800133212847,1.7474224275786203,0.18800697420036
gradient1000,random64_seed0,64,0,False,20,6,294,3.857685422721873,0.3862118246640121,1.9036104158208769,0.19057978336265316
gradient1000,random64_seed0,64,0,False,20,7,107,4.220844452230176,0.34640426750221737,2.0828145850098814,0.17093637750191543
gradient1000,random64_seed0,64,0,False,20,8,16,4.475289592579129,0.23411978156997423,2.208372883924135,0.11552856335078183
gradient1000,random64_seed1,64,1,False,0,1,100,45.03127196419601,1.207545158391364,1.0,0.026815701749474743
gradient1000,random64_seed1,64,1,False,0,2,225,44.92259082520673,1.0843439450560663,0.9975865407693638,0.02407979827703333
gradient1000,random64_seed1,64,1,False,0,3,438,44.853421096194836,1.1018429444925975,0.9960505031227503,0.024468394882753115
gradient1000,random64_seed1,64,1,False,0,4,565,44.8848168919569,1.1285968132654214,0.996747702966162,0.02506251242831336
gradient1000,random64_seed1,64,1,False,0,5,444,44.89905360113367,1.129201293248294,0.9970638545771601,0.025075935988352997
gradient1000,random64_seed1,64,1,False,0,6,182,44.69081192553081,1.0847718208271453,0.99243947541753,0.02408930002442832
gradient1000,random64_seed1,64,1,False,0,7,50,44.733262283970255,1.1490912019974397,0.9933821616128743,0.02551762701509015
gradient1000,random64_seed1,64,1,False,0,8,11,44.93522260918888,1.2686608291284838,0.997867052143597,0.028172884615322115
gradient1000,random64_seed1,64,1,False,0,9,1,43.20786623869177,0.0,0.9595080119665726,0.0
gradient1000,random64_seed1,64,1,False,20,1,100,1.9454302669892667,0.18332899345973333,1.0,0.09423570537095216
gradient1000,random64_seed1,64,1,False,20,2,225,2.423716300011825,0.30660905211926376,1.245851029018249,0.1576047506414967
gradient1000,random64_seed1,64,1,False,20,3,438,2.712176008289126,0.37382540758850635,1.3941265612601317,0.19215564491398388
gradient1000,random64_seed1,64,1,False,20,4,565,2.9896996680204238,0.42458292003923176,1.5367806899844632,0.21824628065251248
gradient1000,random64_seed1,64,1,False,20,5,444,3.315551512164487,0.4726028568420298,1.7042767188441093,0.24292973377731314
gradient1000,random64_seed1,64,1,False,20,6,182,3.747638381345221,0.5329523824142713,1.9263802177525684,0.27395090508130343
gradient1000,random64_seed1,64,1,False,20,7,50,4.424919177038799,0.4811538249013087,2.274519550827576,0.24732514604388198
gradient1000,random64_seed1,64,1,False,20,8,11,4.88301382285365,0.09999883854494289,2.509991699887843,0.0514019136238177
gradient1000,random64_seed1,64,1,False,20,9,1,5.168009725403566,0.0,2.656486749022127,0.0
gradient1000,random64_seed2,64,2,False,0,1,89,44.86172141005977,0.9065603074059082,1.0,0.02020788054741523
gradient1000,random64_seed2,64,2,False,0,2,165,44.80679647538096,0.8716686765635495,0.9987756837465784,0.01943012102892884
gradient1000,random64_seed2,64,2,False,0,3,278,44.767148486996525,0.8837053708977671,0.9978919016013942,0.01969842759309734
gradient1000,random64_seed2,64,2,False,0,4,404,44.769226979594485,0.8859492416055966,0.9979382326946432,0.01974844508322705
gradient1000,random64_seed2,64,2,False,0,5,445,44.789467814552,0.8952721271029012,0.9983894154473624,0.0199562588987534
gradient1000,random64_seed2,64,2,False,0,6,337,44.8657601376914,0.9332254600121964,1.0000900261404309,0.020802265955914265
gradient1000,random64_seed2,64,2,False,0,7,200,44.8139350788957,0.8725254547029458,0.9989348083474712,0.01944921922918658
gradient1000,random64_seed2,64,2,False,0,8,86,44.800351490275226,1.0544912813458254,0.9986320203983349,0.02350536823380493
gradient1000,random64_seed2,64,2,False,0,9,12,45.154443297851934,0.7389478219007353,1.0065249811775283,0.016471677828551492
gradient1000,random64_seed2,64,2,False,20,1,89,2.1024901067275086,0.15287423450169432,1.0,0.07271103631476324
gradient1000,random64_seed2,64,2,False,20,2,165,2.7316086202247734,0.2885015900749724,1.299225433444002,0.13721900005704207
gradient1000,random64_seed2,64,2,False,20,3,278,3.1209064310124677,0.3785738427730269,1.484385786656617,0.1800597498945053
gradient1000,random64_seed2,64,2,False,20,4,404,3.381025997145744,0.45068707418673604,1.6081055441484362,0.21435871338687204
gradient1000,random64_seed2,64,2,False,20,5,445,3.654760070515334,0.47861197771649,1.7383007219966937,0.22764053737282108
gradient1000,random64_seed2,64,2,False,20,6,337,3.979794285340959,0.43959879058427553,1.892895606312956,0.20908483192270705
gradient1000,random64_seed2,64,2,False,20,7,200,4.271877931023481,0.3771202147012264,2.031818326923112,0.17936836586984367
gradient1000,random64_seed2,64,2,False,20,8,86,4.551044850679304,0.3316794125046517,2.1645975104077566,0.15775551639617716
gradient1000,random64_seed2,64,2,False,20,9,12,4.917635733965148,0.3474622523985028,2.3389578472829857,0.16526225321427176
gradient1000,random128_seed0,128,0,False,0,1,197,44.96861667808781,0.9492701526494125,1.0,0.021109614277104734
gradient1000,random128_seed0,128,0,False,0,2,441,44.86761160931254,1.012759083115617,0.9977538764534758,0.022521464032695306
gradient1000,random128_seed0,128,0,False,0,3,928,44.92098567617923,0.9963626175307516,0.9989407945934927,0.022156843842080127
gradient1000,random128_seed0,128,0,False,0,4,1680,44.91756634727452,0.9744533390311914,0.9988647564771952,0.021669631200953096
gradient1000,random128_seed0,128,0,False,0,5,2170,44.88237703412066,0.9888472279223143,0.9980822259980886,0.02198971862979626
gradient1000,random128_seed0,128,0,False,0,6,1722,44.82236319728825,0.9976826570921982,0.9967476544398389,0.02218619852672378
gradient1000,random128_seed0,128,0,False,0,7,795,44.77868528575567,0.9351096941815371,0.9957763567936326,0.020794717811215103
gradient1000,random128_seed0,128,0,False,0,8,182,44.81802218007107,0.9237226190038618,0.9966511200668059,0.020541495096823178
gradient1000,random128_seed0,128,0,False,0,9,13,44.65885277407954,0.6370482218694559,0.9931115536369343,0.014166506975961193
gradient1000,random128_seed0,128,0,False,20,1,197,1.9905998674485756,0.14552864438888422,1.0,0.0731079343310786
gradient1000,random128_seed0,128,0,False,20,2,441,2.50663130322751,0.2512783391163367,1.2592341355072783,0.12623247053583364
gradient1000,random128_seed0,128,0,False,20,3,928,2.7702463283766083,0.31253751451326,1.3916640775864886,0.15700669914835808
gradient1000,random128_seed0,128,0,False,20,4,1680,2.9346423195748352,0.3497944049939106,1.4742502335922856,0.17572311277316363
gradient1000,random128_seed0,128,0,False,20,5,2170,3.119597322898742,0.37737628423771186,1.5671644381737269,0.18957917681437847
gradient1000,random128_seed0,128,0,False,20,6,1722,3.364327608841442,0.3849461165638505,1.6901074213139697,0.19338196634025198
gradient1000,random128_seed0,128,0,False,20,7,795,3.656393524580535,0.376489262123905,1.8368299849567797,0.18913357138241196
gradient1000,random128_seed0,128,0,False,20,8,182,3.9643016344737085,0.37969888231398646,1.9915110511661485,0.1907459598099242
gradient1000,random128_seed0,128,0,False,20,9,13,4.3133630810737715,0.35683761553448035,2.16686595413189,0.17926134798343582
gradient1000,random128_seed1,128,1,False,0,1,200,44.779646574632494,1.122805132388954,1.0,0.02507400612279551
gradient1000,random128_seed1,128,1,False,0,2,473,44.79094021086133,0.9760660423572632,1.000252204675399,0.021797091246142195
gradient1000,random128_seed1,128,1,False,0,3,1043,44.72279086822523,1.0095954231318167,0.9987303225738394,0.022545855100690966
gradient1000,random128_seed1,128,1,False,0,4,1865,44.76360135188017,1.0252708925429672,0.999641684917598,0.022895913008919983
gradient1000,random128_seed1,128,1,False,0,5,2253,44.75713650938806,1.0368766208110038,0.999497314807813,0.023155087190848682
gradient1000,random128_seed1,128,1,False,0,6,1578,44.77516541622335,1.0168993271499431,0.9998999286784974,0.022708962775200035
gradient1000,random128_seed1,128,1,False,0,7,547,44.750503186111665,1.0625906735771913,0.9993491822568931,0.02372932246810418
gradient1000,random128_seed1,128,1,False,0,8,135,44.55662396707691,1.0695687194595584,0.9950195540917484,0.023885153217476827
gradient1000,random128_seed1,128,1,False,0,9,31,44.32300592202808,1.0855148338365084,0.9898024953849659,0.024241255053840657
gradient1000,random128_seed1,128,1,False,0,10,3,43.81825916503069,0.47783003553860054,0.9785307057303478,0.010670696892219098
gradient1000,random128_seed1,128,1,False,20,1,200,1.9581826011510315,0.1610326700863215,1.0,0.08223577821172832
gradient1000,random128_seed1,128,1,False,20,2,473,2.4306777718176025,0.276394692143756,1.2412927019108613,0.1411485792904551
gradient1000,random128_seed1,128,1,False,20,3,1043,2.6636439071146514,0.3436583487328483,1.360263289822382,0.17549862230970895
gradient1000,random128_seed1,128,1,False,20,4,1865,2.834084820823978,0.3940777204429168,1.4473036473503982,0.20124666627681992
gradient1000,random128_seed1,128,1,False,20,5,2253,3.035734904283052,0.4483742461098349,1.550281828925775,0.22897468593903236
gradient1000,random128_seed1,128,1,False,20,6,1578,3.3413345025277597,0.5239149711501724,1.7063446997045644,0.2675516424475491
gradient1000,random128_seed1,128,1,False,20,7,547,3.9046380409807577,0.5907301726901333,1.994011201348428,0.3016726695165704
gradient1000,random128_seed1,128,1,False,20,8,135,4.594966297117899,0.4095367218298117,2.3465463815360987,0.20914123207359905
gradient1000,random128_seed1,128,1,False,20,9,31,5.041751795997194,0.21636233318439677,2.574709729845226,0.11049139802244065
gradient1000,random128_seed1,128,1,False,20,10,3,5.364957021242483,0.06590862150037946,2.739763400047028,0.03365805694608765
gradient1000,random128_seed2,128,2,False,0,1,178,44.80668563307023,0.8899221749825736,1.0,0.019861370293493736
gradient1000,random128_seed2,128,2,False,0,2,350,44.83595508592127,0.8964323805514953,1.0006532385164735,0.020006665699233737
gradient1000,random128_seed2,128,2,False,0,3,694,44.769348150839775,0.9239685240514558,0.9991666984133525,0.020621220047784727
gradient1000,random128_seed2,128,2,False,0,4,1248,44.75009485588351,0.9201671231321805,0.9987370014901313,0.020536380009617085
gradient1000,random128_seed2,128,2,False,0,5,1759,44.75486327811049,0.9183573934426499,0.9988434236045906,0.020495990285093586
gradient1000,random128_seed2,128,2,False,0,6,1764,44.72744778460015,0.9246581205512584,0.9982315619343289,0.020636610530032174
gradient1000,random128_seed2,128,2,False,0,7,1217,44.71125026023496,0.9463312705403281,0.9978700639985558,0.02112031401496643
gradient1000,random128_seed2,128,2,False,0,8,594,44.65758251245314,0.9546431511037508,0.9966723019453364,0.021305819379757077
gradient1000,random128_seed2,128,2,False,0,9,239,44.79924902847888,0.9171094025092624,0.9998340291301113,0.02046813750116738
gradient1000,random128_seed2,128,2,False,0,10,75,44.96389859289992,1.0059451518642732,1.0035086942407911,0.02245078245916544
gradient1000,random128_seed2,128,2,False,0,11,10,45.24792114143576,0.6887381443082867,1.0098475373067959,0.01537132538542314
gradient1000,random128_seed2,128,2,False,20,1,178,2.1194148333961316,0.15153493879311403,1.0,0.07149847986592402
gradient1000,random128_seed2,128,2,False,20,2,350,2.7804055255530233,0.2798525692950984,1.3118741464584949,0.13204237551110515
gradient1000,random128_seed2,128,2,False,20,3,694,3.1446783081711103,0.38072906916584315,1.483748371776801,0.1796387678177029
gradient1000,random128_seed2,128,2,False,20,4,1248,3.3624232905642395,0.4363138084797961,1.586486627149024,0.20586522355354603
gradient1000,random128_seed2,128,2,False,20,5,1759,3.5774698080939005,0.4504997791184315,1.6879516703020307,0.21255856664764142
gradient1000,random128_seed2,128,2,False,20,6,1764,3.816538942777757,0.4476594130000386,1.8007512652264346,0.21121840139370598
gradient1000,random128_seed2,128,2,False,20,7,1217,4.1159252167141,0.45623889466363554,1.9420101963327197,0.215266444055486
gradient1000,random128_seed2,128,2,False,20,8,594,4.525921823377128,0.44917277540007544,2.135458218023713,0.21193244867514915
gradient1000,random128_seed2,128,2,False,20,9,239,4.934709595671692,0.3690265559960634,2.3283358773913823,0.1741171903589721
gradient1000,random128_seed2,128,2,False,20,10,75,5.23383096280468,0.30106471261331735,2.4694698179582124,0.1420508660548034
gradient1000,random128_seed2,128,2,False,20,11,10,5.460318119933595,0.15276865601446252,2.5763328791957303,0.0720805826246235
gradient1000,random256_seed0,256,0,False,0,1,369,44.83683705126484,1.0336826442173224,1.0,0.023054316767158366
gradient1000,random256_seed0,256,0,False,0,2,767,44.79286718162081,0.9961929532470274,0.9990193360518772,0.022218180825467594
gradient1000,random256_seed0,256,0,False,0,3,1592,44.83262896463553,0.975364948096363,0.9999061466663116,0.021753651957678585
gradient1000,random256_seed0,256,0,False,0,4,3057,44.816946158991826,0.9702042775121249,0.9995563716448091,0.021638553058567177
gradient1000,random256_seed0,256,0,False,0,5,5250,44.823111079109296,0.9794833794833879,0.9996938684113724,0.02184550570245358
gradient1000,random256_seed0,256,0,False,0,6,7311,44.80921695070607,0.9736033679870942,0.999383986418864,0.021714363278433554
gradient1000,random256_seed0,256,0,False,0,7,7292,44.82904302739273,0.9825451816448977,0.9998261691862163,0.021913793350799717
gradient1000,random256_seed0,256,0,False,0,8,4654,44.85300511755433,0.9851395325641421,1.0003605978332282,0.02197165539214483
gradient1000,random256_seed0,256,0,False,0,9,1837,44.87141460767191,0.9993865787476368,1.000771186343219,0.022289408541574286
gradient1000,random256_seed0,256,0,False,0,10,435,44.77891687696405,0.9856681858057492,0.9987082011553454,0.021983445992828875
gradient1000,random256_seed0,256,0,False,0,11,71,44.57325546211667,0.9926419976997223,0.9941213161658393,0.022138983545265938
gradient1000,random256_seed0,256,0,False,0,12,5,44.696944480767534,0.6519589728053792,0.9968799634475252,0.014540699471284127
gradient1000,random256_seed0,256,0,False,20,1,369,2.0824622399596673,0.13958784968799753,1.0,0.06703019483834724
gradient1000,random256_seed0,256,0,False,20,2,767,2.6810948036518405,0.2632260222713753,1.287463826332701,0.12640134222864632
gradient1000,random256_seed0,256,0,False,20,3,1592,2.9948221555327286,0.35506810139331174,1.438115946626111,0.17050398061488434
gradient1000,random256_seed0,256,0,False,20,4,3057,3.1796322815247327,0.4081028789413806,1.5268619139938475,0.1959713223656265
gradient1000,random256_seed0,256,0,False,20,5,5250,3.321543317955643,0.4360730632387079,1.5950077049272087,0.20940262679007984
gradient1000,random256_seed0,256,0,False,20,6,7311,3.4705347265576854,0.4508514192716787,1.6665534961272104,0.2164992049413634
gradient1000,random256_seed0,256,0,False,20,7,7292,3.6711080182230216,0.4588809460725168,1.7628689480074908,0.22035499000519898
gradient1000,random256_seed0,256,0,False,20,8,4654,3.9425329448241495,0.47253777967727245,1.8932074105221268,0.22691301220733034
gradient1000,random256_seed0,256,0,False,20,9,1837,4.307974518194236,0.5006295455147113,2.06869274051167,0.24040270018264887
gradient1000,random256_seed0,256,0,False,20,10,435,4.791790877230807,0.48294373750342323,2.3010217353682307,0.23190996131232458
gradient1000,random256_seed0,256,0,False,20,11,71,5.310704497918026,0.37370301441196624,2.5502044627809832,0.17945248045371714
gradient1000,random256_seed0,256,0,False,20,12,5,5.852979407822316,0.15241824174377505,2.8106052995878934,0.07319135916083984
gradient1000,random256_seed1,256,1,False,0,1,398,44.67904397109903,1.0010131768793884,1.0,0.022404534383656492
gradient1000,random256_seed1,256,1,False,0,2,919,44.77575858734161,1.0428590823784782,1.002164652768872,0.023341123481806357
gradient1000,random256_seed1,256,1,False,0,3,2095,44.75306423497884,0.9806426403841622,1.0016567110058956,0.02194860393652331
gradient1000,random256_seed1,256,1,False,0,4,4282,44.72813947745448,0.9979825305242424,1.0010988486321957,0.022336702888490514
gradient1000,random256_seed1,256,1,False,0,5,7253,44.72530644027628,1.0129046663053207,1.001035439997489,0.02267068800667547
gradient1000,random256_seed1,256,1,False,0,6,8748,44.70639466623686,1.0095082642138111,1.0006121593639186,0.022594670218700718
gradient1000,random256_seed1,256,1,False,0,7,6158,44.65804407374502,1.016418272035062,0.9995299832877447,0.02274932902979168
gradient1000,random256_seed1,256,1,False,0,8,2276,44.6178524246207,1.004760792165824,0.9986304195202138,0.022488412975348374
gradient1000,random256_seed1,256,1,False,0,9,466,44.717135659183356,1.0934451054943921,1.0008525627385618,0.024473332647889583
gradient1000,random256_seed1,256,1,False,0,10,45,44.94812227971388,0.9399318913878623,1.0060224723874778,0.021037421749576027
gradient1000,random256_seed1,256,1,False,20,1,398,1.9731946095660455,0.14876406107177012,1.0,0.07539249314313048
gradient1000,random256_seed1,256,1,False,20,2,919,2.483430878283913,0.25399734666214047,1.2585838549549255,0.12872392080880496
gradient1000,random256_seed1,256,1,False,20,3,2095,2.7288342939202566,0.322178048153495,1.382952436972446,0.1632773810507976
gradient1000,random256_seed1,256,1,False,20,4,4282,2.8669453739020057,0.36134697012530304,1.4529460804337582,0.1831278923900832
gradient1000,random256_seed1,256,1,False,20,5,7253,2.9836718675418497,0.38679824628110565,1.5121021784050146,0.19602640530533993
gradient1000,random256_seed1,256,1,False,20,6,8748,3.1260587871080023,0.40796902600661894,1.584262784802306,0.20675559523058978
gradient1000,random256_seed1,256,1,False,20,7,6158,3.338985721957909,0.43686173767955966,1.692172533702712,0.22139820145547448
gradient1000,random256_seed1,256,1,False,20,8,2276,3.6893713742692213,0.4691645089410554,1.8697453137076052,0.2377689999083447
gradient1000,random256_seed1,256,1,False,20,9,466,4.152264666599447,0.43276100340321894,2.1043361088000507,0.21931998055599483
gradient1000,random256_seed1,256,1,False,20,10,45,4.559165790639761,0.29512433136914784,2.3105504994474084,0.149566763429408
gradient1000,random256_seed2,256,2,False,0,1,381,44.68761766700876,0.9429904552969229,1.0,0.021101828750944997
gradient1000,random256_seed2,256,2,False,0,2,826,44.70495682446335,0.9867785468105733,1.0003880080961978,0.02208169954736871
gradient1000,random256_seed2,256,2,False,0,3,1765,44.687238249028574,0.927010882778564,0.9999915095500724,0.020744244852930308
gradient1000,random256_seed2,256,2,False,0,4,3488,44.70643050762956,0.938288826934435,1.0004209855347623,0.020996617763921203
gradient1000,random256_seed2,256,2,False,0,5,5962,44.714288594044014,0.9393077381433257,1.0005968303621373,0.02101941851415325
gradient1000,random256_seed2,256,2,False,0,6,7914,44.690304871119025,0.9465259988169241,1.0000601330804944,0.021180945600412032
gradient1000,random256_seed2,256,2,False,0,7,6860,44.694733309094524,0.9524204647828394,1.000159230732298,0.02131284938659813
gradient1000,random256_seed2,256,2,False,0,8,3527,44.69272706208931,0.9425212303812741,1.000114335812632,0.02109132864062036
gradient1000,random256_seed2,256,2,False,0,9,1219,44.67978827849944,0.9567789134787557,0.9998247973618182,0.02141038084885672
gradient1000,random256_seed2,256,2,False,0,10,435,44.553469256683584,1.0294880568248617,0.9969980854355498,0.023037434317848972
gradient1000,random256_seed2,256,2,False,0,11,196,44.27372124445643,0.943188960911032,0.9907380065405033,0.021106270822920912
gradient1000,random256_seed2,256,2,False,0,12,56,44.21046852258227,0.9093591871432434,0.9893225647430574,0.0203492429137611
gradient1000,random256_seed2,256,2,False,0,13,11,44.58347973928084,0.9380191523156378,0.9976696469141876,0.02099058310302684
gradient1000,random256_seed2,256,2,False,20,1,381,2.033966511207454,0.16567241932377313,1.0,0.0814528746716791
gradient1000,random256_seed2,256,2,False,20,2,826,2.5911211552896,0.28926076895372027,1.273925180681266,0.14221510893117018
gradient1000,random256_seed2,256,2,False,20,3,1765,2.884603433010128,0.37500866891416984,1.4182157951547085,0.1843730793244712
gradient1000,random256_seed2,256,2,False,20,4,3488,3.052293861996061,0.42767320471673,1.5006608246386917,0.2102656077964843
gradient1000,random256_seed2,256,2,False,20,5,5962,3.1884364627895483,0.4595407775646162,1.5675953587341755,0.2259333057021731
gradient1000,random256_seed2,256,2,False,20,6,7914,3.346808002558369,0.4908865562429748,1.6454587546633463,0.2413444634108368
gradient1000,random256_seed2,256,2,False,20,7,6860,3.5853996467877676,0.5453799433891404,1.76276237933697,0.2681361469739137
gradient1000,random256_seed2,256,2,False,20,8,3527,3.9871873822744215,0.6525013445307234,1.9603013915442726,0.32080240305597224
gradient1000,random256_seed2,256,2,False,20,9,1219,4.662353927265038,0.7792923702431211,2.2922471444710535,0.3831392335857576
gradient1000,random256_seed2,256,2,False,20,10,435,5.515736955454231,0.6213319192772264,2.711813063323172,0.3054779495402684
gradient1000,random256_seed2,256,2,False,20,11,196,5.9438254085150835,0.39140440165840357,2.9222828280425133,0.19243404426853042
gradient1000,random256_seed2,256,2,False,20,12,56,6.188308269396923,0.322544818462682,3.042482870439821,0.15857921784130305
gradient1000,random256_seed2,256,2,False,20,13,11,6.56051356479611,0.25830209009274857,3.2254776706729027,0.12699426891714594
gradient1000,random512_seed0,512,0,False,0,1,767,44.82751050793461,1.019714606699698,1.0,0.022747518100948418
gradient1000,random512_seed0,512,0,False,0,2,1709,44.791547038772215,0.9699393817109808,0.9991977366408507,0.021637145822302545
gradient1000,random512_seed0,512,0,False,0,3,3863,44.778542519590175,1.0091190427573866,0.9989076353384432,0.022511155121557984
gradient1000,random512_seed0,512,0,False,0,4,8304,44.805187006983864,0.9926399708850111,0.9995020133686255,0.02214354443593986
gradient1000,random512_seed0,512,0,False,0,5,16348,44.80293851192384,1.0054575786796989,0.9994518545479696,0.02242947616958853
gradient1000,random512_seed0,512,0,False,0,6,27065,44.80021082903579,1.0049817056866286,0.9993910061346372,0.022418860523355264
gradient1000,random512_seed0,512,0,False,0,7,33193,44.81093171006134,1.0011851503802611,0.999630164653682,0.02233416799273402
gradient1000,random512_seed0,512,0,False,0,8,25781,44.80418069906371,0.9927892841514844,0.999479564923268,0.02214687527597049
gradient1000,random512_seed0,512,0,False,0,9,11031,44.8078839321954,0.9903421113302922,0.9995621756480156,0.022092284405465668
gradient1000,random512_seed0,512,0,False,0,10,2456,44.80787985984952,0.9628888671286161,0.9995620848032233,0.021479864846792724
gradient1000,random512_seed0,512,0,False,0,11,288,44.86473542955369,0.8416381615162536,1.0008304034999331,0.018775036846341957
gradient1000,random512_seed0,512,0,False,0,12,11,45.416002470677796,0.5680643291331986,1.013127919799138,0.0126722256644756
gradient1000,random512_seed0,512,0,False,20,1,767,2.0347523726057757,0.14787498641922964,1.0,0.07267468435476289
gradient1000,random512_seed0,512,0,False,20,2,1709,2.583515630639707,0.2723750727624872,1.269695352329859,0.1338615334374443
gradient1000,random512_seed0,512,0,False,20,3,3863,2.8540109306798094,0.3582305841269729,1.4026330521118215,0.1760561083254618
gradient1000,random512_seed0,512,0,False,20,4,8304,3.00242116453565,0.40721421883504744,1.475570789329339,0.2001296198581425
gradient1000,random512_seed0,512,0,False,20,5,16348,3.1046398297968656,0.4361589236236443,1.5258072046481777,0.21435479299384413
gradient1000,random512_seed0,512,0,False,20,6,27065,3.209858152921268,0.4563809195692349,1.5775178327034511,0.22429310107390482
gradient1000,random512_seed0,512,0,False,20,7,33193,3.358516143116459,0.47069518593429294,1.6505773323244364,0.23132799463529022
gradient1000,random512_seed0,512,0,False,20,8,25781,3.5879745185585548,0.4781126001033622,1.7633470130636428,0.2349733591862455
gradient1000,random512_seed0,512,0,False,20,9,11031,3.909602669779855,0.4648128459472917,1.9214144789388206,0.22843705809372566
gradient1000,random512_seed0,512,0,False,20,10,2456,4.296147682839441,0.4275427059604879,2.1113860048422715,0.21012026412479942
gradient1000,random512_seed0,512,0,False,20,11,288,4.694780182848928,0.37013437680905115,2.3072980506402487,0.18190634978105175
gradient1000,random512_seed0,512,0,False,20,12,11,5.025714593384273,0.20629689849012312,2.469939173457341,0.10138673445846977
gradient1000,random512_seed1,512,1,False,0,1,758,44.7271039556034,0.9901029200609642,1.0,0.0221365309286233
gradient1000,random512_seed1,512,1,False,0,2,1663,44.76287410648447,1.0025559078616206,1.0007997421634223,0.022414952438162963
gradient1000,random512_seed1,512,1,False,0,3,3651,44.7051336492152,0.9958078819251537,0.999508792109366,0.022264081370294023
gradient1000,random512_seed1,512,1,False,0,4,7625,44.706964467126205,0.998729677666778,0.9995497251845954,0.022329406318328318
gradient1000,random512_seed1,512,1,False,0,5,14715,44.71511252110399,0.9949015936245694,0.9997318978105243,0.022243818750530314
gradient1000,random512_seed1,512,1,False,0,6,24619,44.71123527482736,0.9923120852862208,0.999645211082931,0.0221859230204397
gradient1000,random512_seed1,512,1,False,0,7,31380,44.70207027189779,1.0063765779851164,0.9994403017076523,0.022500374246990293
gradient1000,random512_seed1,512,1,False,0,8,26684,44.700994601325995,1.0119089670923624,0.9994162520716003,0.02262406634010541
gradient1000,random512_seed1,512,1,False,0,9,13598,44.69013344055814,1.0218136945220997,0.9991734203251355,0.022845514333688203
gradient1000,random512_seed1,512,1,False,0,10,4537,44.69477497362552,1.020730190629736,0.9992771948300081,0.02282128956175932
gradient1000,random512_seed1,512,1,False,0,11,1268,44.75864952490165,1.0419346612849676,1.0007052897797624,0.023295375044161213
gradient1000,random512_seed1,512,1,False,0,12,275,44.70713037880521,0.9924580222023595,0.9995534346060497,0.022189185849982238
gradient1000,random512_seed1,512,1,False,0,13,32,44.85849436534349,0.9480427714547114,1.0029376015462685,0.021196158204111512
gradient1000,random512_seed1,512,1,False,0,14,9,44.82727486496859,1.0775450218084701,1.00223960195287,0.024091544645458218
gradient1000,random512_seed1,512,1,False,0,15,2,45.224297053538606,1.3158273905983613,1.0111161477932649,0.029419016082607666
gradient1000,random512_seed1,512,1,False,20,1,758,2.046571804394003,0.15124326364954416,1.0,0.07390078536449289
gradient1000,random512_seed1,512,1,False,20,2,1663,2.610038765013175,0.27597247787046203,1.2753223509721987,0.134846222975391
gradient1000,random512_seed1,512,1,False,20,3,3651,2.895563747244583,0.36242653212883913,1.4148361376951393,0.17708957552855314
gradient1000,random512_seed1,512,1,False,20,4,7625,3.044419517553917,0.41116349542517827,1.4875703412983254,0.20090352781290524
gradient1000,random512_seed1,512,1,False,20,5,14715,3.1432573002006223,0.43734849186793867,1.5358646559343916,0.21369809303975976
gradient1000,random512_seed1,512,1,False,20,6,24619,3.239912309230036,0.45856177097792217,1.583092419368782,0.22406336781997438
gradient1000,random512_seed1,512,1,False,20,7,31380,3.3743484798921486,0.4852117185471405,1.6487808894109652,0.2370851183942766
gradient1000,random512_seed1,512,1,False,20,8,26684,3.5849022877680774,0.5266563944230565,1.7516621112786117,0.2573358986439282
gradient1000,random512_seed1,512,1,False,20,9,13598,3.9206831467487113,0.5813004856899734,1.9157320248089897,0.2840362035878328
gradient1000,random512_seed1,512,1,False,20,10,4537,4.436295556852139,0.6140004478247045,2.1676715897909777,0.3000141243549049
gradient1000,random512_seed1,512,1,False,20,11,1268,5.0147338137052575,0.5291416412635216,2.4503092454115665,0.2585502449156443
gradient1000,random512_seed1,512,1,False,20,12,275,5.453198316719353,0.445605795892278,2.6645526460451086,0.21773279341362928
gradient1000,random512_seed1,512,1,False,20,13,32,6.0284406982843395,0.5140012291396692,2.9456287267034744,0.25115230652357523
gradient1000,random512_seed1,512,1,False,20,14,9,6.526459938726539,0.37370645745554704,3.188971882009801,0.18260119515630813
gradient1000,random512_seed1,512,1,False,20,15,2,6.613449270250345,0.29381844961340775,3.2314767828088056,0.14356615730881156
gradient1000,random512_seed2,512,2,False,0,1,753,44.65539591595093,0.9766246793576807,1.0,0.02187025015287861
gradient1000,random512_seed2,512,2,False,0,2,1631,44.66683381753333,0.9944814144812019,1.000256137054611,0.02227012870634907
gradient1000,random512_seed2,512,2,False,0,3,3537,44.72656629607642,0.962643860270214,1.00159376887531,0.021557167740312366
gradient1000,random512_seed2,512,2,False,0,4,7369,44.687908766259795,0.9850476022195026,1.000728083351227,0.022058870647424785
gradient1000,random512_seed2,512,2,False,0,5,14245,44.693233964925675,0.9819894484444995,1.0008473343075035,0.021990387237698465
gradient1000,random512_seed2,512,2,False,0,6,23887,44.69114386541571,0.9793361520889293,1.0008005292245548,0.021930970087740503
gradient1000,random512_seed2,512,2,False,0,7,31244,44.68802973446301,0.9853581999637115,1.0007307922781268,0.022065826083332095
gradient1000,random512_seed2,512,2,False,0,8,27283,44.70737444095712,0.9883388242264313,1.0011639920314226,0.022132573319619726
gradient1000,random512_seed2,512,2,False,0,9,14702,44.6793720228189,0.9757720514471275,1.0005369139916058,0.021851156650445937
gradient1000,random512_seed2,512,2,False,0,10,4949,44.64168033295585,0.9721440846982711,0.9996928572076509,0.021769913014051245
gradient1000,random512_seed2,512,2,False,0,11,1060,44.58035773826851,0.8933937605058196,0.9983196167866554,0.02000640106712611
gradient1000,random512_seed2,512,2,False,0,12,141,44.559384929361194,0.9426830045731336,0.9978499577795604,0.021110170120256545
gradient1000,random512_seed2,512,2,False,0,13,15,44.36717560959777,0.9587590784384075,0.9935456779535525,0.021470173061346392
gradient1000,random512_seed2,512,2,False,20,1,753,2.0583007550177714,0.15909340768104716,1.0,0.07729356717826863
gradient1000,random512_seed2,512,2,False,20,2,1631,2.628659410413182,0.2906883263598007,1.2771017082926184,0.14122733310530747
gradient1000,random512_seed2,512,2,False,20,3,3537,2.9170234426836417,0.3836811140922818,1.4171998118216966,0.18640673048238232
gradient1000,random512_seed2,512,2,False,20,4,7369,3.076220166454409,0.4353577481867921,1.4945435738461113,0.21151318490529983
gradient1000,random512_seed2,512,2,False,20,5,14245,3.185465848918435,0.47007126246080716,1.5476192393909565,0.22837831707288497
gradient1000,random512_seed2,512,2,False,20,6,23887,3.289888127768296,0.4968769068333753,1.5983515138631386,0.24140150831800344
gradient1000,random512_seed2,512,2,False,20,7,31244,3.4379556501287154,0.5156741364838767,1.6702882908377654,0.25053391018137405
gradient1000,random512_seed2,512,2,False,20,8,27283,3.6738268281923157,0.5426571097289119,1.7848833894833778,0.263643254469013
gradient1000,random512_seed2,512,2,False,20,9,14702,4.0179180141091235,0.5865873775178556,1.9520558423321537,0.2849862324968107
gradient1000,random512_seed2,512,2,False,20,10,4949,4.486402623089467,0.6174071382953839,2.179663303408122,0.29995963261940944
gradient1000,random512_seed2,512,2,False,20,11,1060,5.047160065529853,0.5918405525268545,2.4521003809699695,0.2875384226935993
gradient1000,random512_seed2,512,2,False,20,12,141,5.630587893762809,0.4746319456833367,2.735551585469925,0.2305940686881003
gradient1000,random512_seed2,512,2,False,20,13,15,6.1186006536516055,0.5239724699216355,2.9726465574749192,0.25456555299038963
